gender,parental_education,internet_access,study_hours_per_day,attendance_percentage,previous_score,assignments_completed,sleep_hours,math_score,science_score,english_score,extra_curricular,final_score,grade,result
Female,High School,0,5.2,96.0,42.8,5,8.1,42.7,47.0,56.5,1,59.7,C,1
Female,High School,0,3.7,86.5,52.4,9,7.4,58.9,52.4,41.2,0,49.7,D,1
Male,Graduate,1,5.6,69.2,40.7,8,10.0,65.9,43.4,83.5,1,63.0,C,1
Male,Post-Graduate,0,7.8,55.1,49.5,6,4.3,11.6,63.9,50.0,0,52.4,D,1
Female,High School,1,3.4,82.0,20.9,9,8.4,54.8,77.2,30.6,0,43.4,D,1
Male,Graduate,1,3.4,75.9,58.8,4,8.2,58.2,25.6,81.3,1,46.7,D,1
Male,High School,1,7.9,85.9,55.0,7,5.0,49.4,64.4,51.9,0,71.0,B,1
Male,None,1,5.9,80.7,40.3,1,8.0,80.8,52.0,50.3,0,48.9,D,1
Female,High School,1,2.8,89.0,66.9,6,7.0,63.4,59.0,31.8,1,67.3,B,1
Female,None,1,5.4,57.3,71.9,3,6.2,81.2,65.3,87.9,1,57.2,C,1
Male,Graduate,0,2.8,94.3,26.1,8,5.3,50.7,53.6,39.4,0,44.1,D,1
Female,Graduate,1,2.8,72.0,41.3,0,5.4,73.7,55.1,60.9,0,36.7,F,0
Male,Post-Graduate,1,4.6,100.0,41.2,6,9.6,87.7,53.2,74.6,0,62.5,C,1
Female,High School,1,0.0,54.2,38.1,5,6.5,81.2,74.5,66.7,1,28.8,F,0
Male,Graduate,0,0.0,100.0,69.9,7,7.7,33.2,64.5,59.0,0,46.3,D,1
Female,Post-Graduate,1,2.6,72.0,51.5,4,5.3,49.9,61.0,32.8,1,48.1,D,1
Male,High School,1,1.5,55.0,50.2,0,5.3,48.1,34.1,47.0,0,32.8,F,0
Female,Graduate,1,4.8,58.3,18.9,0,8.1,64.8,50.2,63.0,0,37.6,F,0
Female,None,1,1.7,61.6,66.4,8,4.5,68.7,73.2,47.4,1,57.9,C,1
Male,Graduate,1,0.5,76.5,32.7,9,5.9,38.2,57.7,63.3,0,38.1,F,0
Female,None,1,7.7,78.5,56.1,5,6.6,56.4,68.9,70.9,1,75.1,B,1
Female,Post-Graduate,0,3.4,56.5,60.0,9,6.7,14.6,88.8,75.4,0,43.0,D,1
Female,Post-Graduate,1,4.2,67.5,79.5,4,6.2,83.8,75.7,40.4,1,49.6,D,1
Female,High School,1,0.4,100.0,31.4,0,7.1,44.8,58.7,95.1,1,28.8,F,0
Female,High School,1,2.6,100.0,10.0,5,7.5,56.1,47.8,72.3,0,42.7,D,1
Female,High School,1,4.3,76.7,58.3,5,7.6,48.8,11.0,60.0,0,48.6,D,1
Female,Post-Graduate,0,1.1,68.8,87.4,2,5.0,77.9,54.0,77.4,0,46.1,D,1
Female,None,0,4.9,70.4,77.3,7,6.1,0.0,51.1,97.8,1,59.7,C,1
Male,High School,1,2.5,80.3,58.8,0,8.3,54.7,64.0,37.0,1,37.2,F,0
Female,High School,1,3.3,47.5,46.2,0,7.8,52.9,54.2,56.4,1,31.2,F,0
Male,Post-Graduate,1,2.5,62.9,69.5,5,4.4,45.9,51.2,21.9,1,42.5,D,1
Female,None,1,8.6,34.6,37.5,9,7.0,89.5,25.0,63.1,0,42.1,D,1
Male,Graduate,1,4.0,76.0,63.6,0,3.5,37.3,40.1,65.8,0,37.3,F,0
Female,High School,1,1.4,80.9,64.1,5,6.6,70.4,65.6,59.4,0,44.0,D,1
Male,Graduate,1,6.1,58.3,74.1,0,9.3,62.1,87.9,49.5,0,60.6,C,1
Male,Graduate,1,0.9,99.5,100.0,5,5.1,80.2,55.2,27.2,0,60.7,C,1
Female,High School,1,4.5,43.5,62.1,2,5.2,41.7,62.9,66.0,1,45.0,D,1
Male,Post-Graduate,1,0.0,38.7,45.8,7,7.6,40.3,74.1,83.3,1,23.6,F,0
Female,High School,1,0.7,72.5,54.5,5,4.2,76.9,42.4,50.5,1,48.6,D,1
Female,None,1,4.5,88.9,23.2,10,5.6,63.5,63.6,67.0,0,64.5,C,1
Male,None,1,5.8,100.0,42.5,0,7.4,24.1,43.7,34.9,1,40.9,D,1
Female,High School,1,4.4,58.8,47.6,4,5.5,44.2,72.6,67.3,1,41.1,D,1
Male,Graduate,1,3.7,89.6,45.6,7,6.1,62.7,59.7,53.7,1,59.9,C,1
Male,None,0,3.2,67.2,57.7,2,7.6,71.8,62.4,47.8,0,45.8,D,1
Female,None,1,0.3,64.5,40.2,5,7.1,41.4,42.9,47.8,0,29.0,F,0
Female,High School,1,2.2,85.7,75.2,4,6.9,0.0,69.7,53.7,0,49.2,D,1
Female,High School,1,2.8,81.0,55.0,5,6.0,65.5,94.5,66.1,0,47.9,D,1
Female,Post-Graduate,0,6.6,36.5,54.8,9,7.1,30.6,38.9,39.0,1,49.6,D,1
Female,High School,0,4.9,97.5,49.1,0,6.3,14.7,50.9,53.6,0,54.9,D,1
Male,High School,0,0.0,95.6,57.8,6,7.2,0.0,61.2,59.3,0,40.0,F,0
Male,None,1,4.8,55.5,69.9,8,5.8,71.3,71.2,42.4,1,62.6,C,1
Female,None,0,3.0,75.9,39.4,1,6.2,57.6,46.9,88.7,1,34.6,F,0
Female,None,1,2.3,77.9,43.2,9,5.0,50.5,6.0,46.3,1,42.9,D,1
Female,Graduate,0,5.5,73.2,49.5,4,6.4,82.8,81.5,49.3,1,57.8,C,1
Male,None,0,6.6,57.0,30.8,9,5.3,67.7,70.7,44.3,0,55.4,C,1
Male,None,0,6.3,54.6,40.3,3,4.8,87.3,25.6,88.8,0,47.9,D,1
Male,High School,0,1.9,67.5,46.4,5,6.9,27.1,46.1,68.8,0,29.7,F,0
Female,Post-Graduate,1,3.2,91.5,70.7,5,6.8,54.3,85.2,45.0,1,57.0,C,1
Female,None,1,4.8,78.9,59.7,10,7.7,22.7,83.1,77.7,1,70.3,B,1
Male,Post-Graduate,1,6.4,60.6,58.5,1,5.9,50.4,73.9,63.2,0,48.9,D,1
Female,None,0,2.8,83.4,70.3,1,7.1,50.0,53.8,64.1,1,41.2,D,1
Female,None,0,3.5,20.0,52.5,3,7.3,67.5,58.5,54.5,0,30.8,F,0
Male,Post-Graduate,1,1.2,91.0,62.0,0,7.2,55.9,54.6,48.0,1,40.2,D,1
Male,High School,1,1.0,33.2,53.1,8,5.3,67.5,77.3,65.4,0,45.6,D,1
Female,None,0,6.0,60.8,59.8,6,6.7,69.1,41.2,51.3,0,61.6,C,1
Male,Post-Graduate,1,7.4,45.6,44.5,6,7.0,98.1,42.5,89.1,1,57.9,C,1
Female,None,1,3.8,42.1,11.1,2,6.5,48.7,75.2,39.7,1,35.7,F,0
Male,Graduate,0,6.5,91.2,52.6,10,3.4,36.2,56.2,84.6,1,67.1,B,1
Male,Graduate,1,4.9,58.6,80.6,2,6.7,59.9,81.8,58.2,0,56.1,C,1
Female,Graduate,0,2.4,74.9,71.7,0,9.8,39.0,44.9,64.8,0,51.5,D,1
Female,Graduate,1,4.9,67.1,72.4,2,6.0,84.6,56.0,73.3,0,53.7,D,1
Male,High School,0,7.8,77.5,77.3,2,5.4,49.3,40.4,49.9,1,58.9,C,1
Female,Graduate,1,3.9,69.5,56.6,3,7.1,43.7,57.1,73.8,1,38.1,F,0
Male,Post-Graduate,0,7.9,42.3,58.6,3,7.0,45.6,30.4,16.7,1,45.5,D,1
Female,None,1,0.0,87.9,43.9,2,8.3,69.4,48.2,48.5,0,43.4,D,1
Male,Post-Graduate,0,6.1,58.1,49.3,9,4.6,51.8,31.1,45.2,1,57.8,C,1
Male,Graduate,1,4.2,36.9,66.1,7,7.6,42.2,69.5,39.9,1,49.7,D,1
Male,High School,1,3.3,59.4,76.7,7,7.4,88.3,69.9,56.6,1,52.4,D,1
Female,Graduate,1,4.2,98.0,52.5,0,6.3,37.9,25.9,66.2,0,37.2,F,0
Male,Graduate,1,0.0,85.0,46.9,6,7.0,55.7,81.0,71.2,1,43.0,D,1
Male,High School,1,3.5,61.0,55.0,10,8.0,68.0,100.0,63.9,1,55.1,C,1
Male,High School,1,4.9,61.0,65.8,1,7.8,22.4,57.8,49.3,1,44.8,D,1
Male,High School,0,7.7,61.6,29.0,0,4.8,64.6,45.5,65.9,1,46.0,D,1
Female,High School,1,2.7,100.0,13.7,2,7.7,33.9,100.0,62.0,0,55.4,C,1
Female,High School,0,2.0,75.6,45.1,3,6.4,71.5,33.3,75.0,1,40.9,D,1
Male,High School,1,2.7,76.6,33.0,5,6.6,35.7,57.4,72.4,1,43.0,D,1
Male,None,0,6.3,88.6,45.9,9,6.6,68.9,60.2,60.5,0,61.7,C,1
Female,Graduate,1,4.8,72.8,52.3,4,6.3,77.1,81.2,45.6,0,52.4,D,1
Male,Graduate,1,2.7,62.8,46.8,3,8.3,72.2,63.5,49.6,0,35.5,F,0
Female,High School,1,5.3,64.1,81.1,7,6.4,60.0,48.0,51.2,1,61.7,C,1
Male,Post-Graduate,1,4.2,66.6,60.9,10,4.8,50.4,39.9,55.0,0,58.1,C,1
Female,High School,0,6.4,67.3,60.4,3,5.9,43.5,50.8,64.3,1,53.3,D,1
Male,None,1,2.2,82.6,66.2,9,6.8,84.4,38.9,71.4,0,60.6,C,1
Female,Post-Graduate,0,3.2,69.0,34.5,1,8.3,41.0,57.9,59.2,1,39.2,F,0
Female,None,1,3.0,82.7,73.7,2,7.4,34.3,46.8,60.3,0,39.3,F,0
Female,Post-Graduate,1,0.3,66.4,53.6,5,5.2,68.3,30.1,62.3,0,40.9,D,1
Male,Post-Graduate,1,4.7,69.6,67.1,7,10.0,39.1,79.6,51.7,1,56.4,C,1
Female,High School,0,4.7,28.0,35.7,7,6.9,36.0,48.0,45.2,1,27.6,F,0
Female,None,0,4.0,86.3,27.0,10,8.4,26.1,34.2,31.9,0,44.0,D,1
Male,Post-Graduate,0,3.4,74.9,69.7,8,6.3,45.3,54.0,48.9,0,56.3,C,1
Male,None,0,0.5,88.0,61.8,6,7.3,53.3,58.2,67.6,0,45.5,D,1
Male,High School,0,2.9,20.0,38.8,1,7.8,59.9,25.6,48.8,1,10.0,F,0
Male,High School,1,3.1,100.0,39.3,7,8.3,74.0,63.0,56.2,1,62.0,C,1
Female,High School,0,2.0,65.2,75.3,6,8.1,65.5,38.2,67.5,1,39.9,F,0
Male,High School,1,3.6,90.2,33.6,7,7.8,51.2,87.8,68.3,1,57.0,C,1
Male,Graduate,1,5.0,47.2,84.6,2,6.0,51.0,66.4,42.7,1,50.1,D,1
Male,Post-Graduate,1,8.7,80.3,38.8,6,5.6,65.2,49.8,76.0,0,68.7,B,1
Male,Graduate,1,4.4,46.9,66.5,9,7.0,80.5,43.6,78.0,1,65.8,B,1
Male,High School,1,4.6,55.5,49.1,8,7.9,57.5,55.1,41.9,1,42.8,D,1
Male,Post-Graduate,1,3.8,100.0,65.9,2,6.2,45.6,68.0,46.8,0,55.6,C,1
Male,Post-Graduate,0,0.0,64.2,45.2,9,8.1,35.1,56.5,79.1,0,37.1,F,0
Female,None,1,3.9,72.3,52.1,5,8.7,26.1,53.1,57.7,0,52.0,D,1
Female,High School,1,4.2,85.4,55.7,1,5.1,68.3,58.1,24.5,0,48.9,D,1
Female,Graduate,1,10.2,77.9,37.0,1,5.2,66.6,46.1,37.6,1,56.6,C,1
Female,None,1,3.5,71.0,68.3,4,6.3,66.5,50.8,56.0,1,48.9,D,1
Female,Post-Graduate,1,4.8,75.3,45.8,4,7.0,52.4,19.5,41.4,1,42.3,D,1
Male,Graduate,1,3.9,100.0,50.9,6,5.7,83.1,74.5,53.4,1,67.6,B,1
Male,High School,0,1.1,66.8,37.1,1,8.5,45.3,62.4,60.5,1,34.1,F,0
Male,Graduate,1,6.9,72.0,10.0,10,7.1,74.1,43.1,83.4,1,63.1,C,1
Male,Graduate,1,5.9,89.0,51.6,6,6.6,54.2,91.2,55.4,0,60.2,C,1
Female,Graduate,0,6.0,90.1,98.4,4,4.3,42.8,58.6,77.2,0,62.2,C,1
Female,None,0,1.7,91.7,69.1,5,4.5,66.9,38.3,82.9,1,45.3,D,1
Male,Post-Graduate,0,7.5,80.8,54.7,7,6.9,63.2,72.4,82.9,0,66.9,B,1
Male,Graduate,1,0.5,45.1,50.3,9,3.3,62.1,64.2,64.6,0,29.1,F,0
Female,Post-Graduate,0,5.5,100.0,55.4,3,8.0,56.6,64.1,28.6,1,70.7,B,1
Female,None,1,9.5,45.1,64.8,6,6.3,54.2,49.3,67.4,1,53.5,D,1
Female,High School,1,1.5,74.1,33.7,5,10.0,100.0,65.1,76.8,0,45.7,D,1
Male,High School,1,2.6,52.9,75.1,9,10.0,78.7,52.3,58.7,1,64.6,C,1
Male,Graduate,1,4.2,66.7,67.9,1,6.2,69.5,67.0,87.9,1,53.6,D,1
Female,None,1,2.7,74.6,67.9,7,6.3,57.2,22.7,73.8,0,53.5,D,1
Female,High School,1,0.1,74.4,62.9,9,8.0,75.1,49.2,69.1,0,43.5,D,1
Male,None,0,4.2,76.4,55.4,8,9.1,65.4,88.0,77.4,1,50.7,D,1
Male,None,1,1.3,100.0,67.1,4,4.0,55.5,43.2,65.3,0,55.9,C,1
Male,Graduate,1,5.2,77.1,65.7,9,3.8,48.9,46.1,20.1,0,68.3,B,1
Male,Graduate,1,1.7,63.1,48.6,3,5.6,53.4,48.9,52.0,1,34.4,F,0
Female,None,1,7.9,87.3,44.7,5,7.4,0.0,35.1,79.2,1,55.7,C,1
Female,None,0,2.0,91.8,56.8,7,7.2,59.2,17.3,47.1,0,35.2,F,0
Female,Graduate,1,3.2,43.4,82.9,10,8.1,45.2,52.8,56.4,0,46.8,D,1
Male,None,0,6.0,79.9,32.7,2,4.7,86.9,59.4,43.3,0,45.2,D,1
Male,Graduate,1,0.9,82.0,28.6,9,3.0,55.4,56.1,88.5,1,54.7,D,1
Male,Post-Graduate,1,4.6,62.0,58.0,10,7.8,31.2,54.4,86.9,0,61.2,C,1
Female,None,1,7.3,95.5,55.9,10,5.3,54.0,57.8,45.9,1,75.5,B,1
Female,Graduate,0,0.0,65.0,58.1,0,3.5,34.1,75.4,62.4,1,25.8,F,0
Female,None,1,4.5,70.5,59.4,3,6.7,64.5,53.6,49.1,0,45.5,D,1
Male,Graduate,1,4.6,64.5,51.0,3,7.7,60.8,46.7,69.8,1,57.0,C,1
Male,None,0,6.0,68.3,81.8,0,6.3,74.2,51.9,68.2,1,54.7,D,1
Female,High School,1,0.9,46.1,26.2,8,5.8,39.2,67.4,73.0,1,19.6,F,0
Male,High School,1,0.7,39.2,40.1,2,6.3,55.7,82.4,65.3,0,20.3,F,0
Female,None,1,5.3,99.9,53.1,4,5.9,27.7,45.7,100.0,1,56.4,C,1
Female,High School,1,4.7,51.1,25.4,5,4.5,69.0,58.8,43.6,1,35.7,F,0
Female,None,1,4.6,48.2,51.8,7,5.4,65.4,63.1,32.6,1,50.4,D,1
Female,None,1,4.9,24.9,84.9,5,7.3,64.9,39.1,53.7,0,44.1,D,1
Male,Post-Graduate,1,2.3,55.2,55.4,2,7.0,55.0,57.4,34.9,1,36.6,F,0
Male,Post-Graduate,1,4.6,41.5,59.2,5,6.8,63.3,30.6,36.1,0,49.9,D,1
Male,High School,1,4.7,100.0,32.3,0,5.0,87.1,25.2,44.0,0,42.7,D,1
Male,Post-Graduate,0,2.2,88.2,43.9,3,6.2,49.3,63.6,45.2,1,55.0,D,1
Male,Post-Graduate,0,8.7,54.2,48.2,5,3.2,57.8,50.1,44.7,1,48.0,D,1
Male,None,0,5.2,100.0,49.3,6,6.8,33.3,60.6,68.3,1,61.6,C,1
Female,Graduate,1,1.0,87.6,78.1,10,8.6,37.6,56.7,51.9,1,59.3,C,1
Male,None,1,5.6,61.5,65.0,10,4.3,57.0,39.4,57.1,1,60.8,C,1
Male,Post-Graduate,1,1.6,20.0,35.0,9,5.6,77.1,56.2,74.3,0,31.9,F,0
Male,None,0,6.0,100.0,59.4,2,7.0,49.9,34.8,47.7,1,61.6,C,1
Female,High School,1,6.9,40.2,64.0,8,8.4,50.3,82.0,55.8,0,51.5,D,1
Male,Graduate,1,1.9,35.1,75.5,6,5.8,46.9,32.6,65.9,0,30.9,F,0
Female,Post-Graduate,1,6.4,88.5,83.4,0,5.5,44.3,53.5,28.9,1,75.9,B,1
Male,Post-Graduate,1,5.0,100.0,36.7,1,3.5,60.9,38.2,21.8,1,46.5,D,1
Male,None,1,6.1,95.7,40.4,0,6.7,25.1,67.3,65.5,1,58.0,C,1
Male,None,0,8.7,79.3,32.4,10,9.6,80.6,51.0,67.9,1,59.1,C,1
Female,None,0,3.4,79.9,50.8,8,6.9,41.7,47.7,93.0,0,50.7,D,1
Female,None,0,2.1,85.1,63.4,8,6.5,69.4,72.4,62.5,0,53.3,D,1
Male,Post-Graduate,1,1.8,83.2,72.8,6,7.0,29.6,57.5,73.1,1,57.3,C,1
Male,None,1,2.0,73.6,53.6,9,6.5,68.4,66.3,56.9,0,34.2,F,0
Male,Post-Graduate,1,3.8,70.1,49.2,2,5.3,68.4,39.3,64.8,0,43.8,D,1
Female,None,1,4.9,66.7,57.7,4,7.7,62.7,31.7,86.7,1,45.6,D,1
Female,Graduate,1,4.7,52.9,40.0,3,6.8,35.1,58.9,26.0,0,40.0,D,1
Male,Graduate,0,6.1,62.4,92.6,6,6.5,60.0,51.3,66.6,0,54.3,D,1
Female,None,0,4.0,34.1,26.1,8,5.0,31.3,68.3,94.2,1,29.8,F,0
Female,None,1,7.6,66.0,58.3,1,8.5,49.9,55.6,64.5,1,54.3,D,1
Female,High School,1,3.3,48.2,91.4,7,7.5,75.6,60.7,86.4,1,49.8,D,1
Female,Graduate,1,10.8,45.9,55.1,8,5.7,70.9,27.8,49.9,1,61.8,C,1
Male,Post-Graduate,1,5.6,71.6,51.6,9,8.0,55.3,91.0,59.5,1,55.4,C,1
Male,Graduate,0,1.9,95.8,48.6,9,5.8,35.5,54.0,60.5,1,42.3,D,1
Female,Post-Graduate,1,1.3,86.4,51.8,8,5.3,67.9,69.6,24.5,1,57.4,C,1
Female,None,1,5.2,36.6,79.7,9,5.4,55.4,42.0,41.3,0,43.7,D,1
Female,Graduate,0,3.4,48.2,15.2,6,3.8,8.6,62.5,42.4,0,26.1,F,0
Male,Graduate,1,5.8,86.8,82.6,8,7.2,70.7,33.5,73.2,1,76.9,B,1
Male,High School,1,5.2,48.4,29.4,8,3.8,54.5,65.1,74.0,1,41.1,D,1
Female,High School,0,3.8,63.5,50.2,2,4.7,79.0,50.6,65.2,1,35.6,F,0
Female,Graduate,0,1.9,79.0,47.3,3,3.4,33.1,57.5,73.2,1,40.3,D,1
Female,Graduate,1,0.2,48.6,65.6,1,6.4,0.0,69.6,57.4,1,36.2,F,0
Female,Graduate,1,2.9,70.1,26.2,9,6.3,60.6,34.8,79.2,1,39.7,F,0
Male,Post-Graduate,1,6.1,41.3,63.3,2,6.0,60.8,44.7,60.1,1,44.2,D,1
Male,None,1,4.5,56.0,91.4,10,4.9,21.2,65.2,60.9,0,49.4,D,1
Male,High School,1,0.9,74.4,30.5,10,4.7,35.4,94.8,55.8,1,42.2,D,1
Male,None,0,4.4,36.1,58.4,4,7.2,100.0,54.5,71.0,0,40.0,F,0
Male,High School,1,5.0,76.8,43.1,4,5.7,48.9,67.6,53.3,1,45.7,D,1
Male,High School,1,1.8,67.6,62.7,5,7.0,69.6,55.1,75.6,1,44.6,D,1
Female,High School,1,4.4,79.0,55.3,6,5.2,42.0,92.0,41.9,1,46.9,D,1
Female,Graduate,1,4.1,72.5,43.5,6,6.8,13.2,25.6,42.4,1,48.0,D,1
Male,High School,1,1.1,95.3,63.8,0,8.5,51.6,58.7,71.0,1,54.3,D,1
Male,None,0,4.9,70.5,87.5,1,7.4,49.7,27.7,58.6,0,44.1,D,1
Male,High School,1,5.4,59.4,51.6,8,5.9,47.0,11.9,52.7,0,46.8,D,1
Female,None,1,6.7,70.4,68.0,9,6.9,52.7,62.4,74.2,1,71.0,B,1
Female,High School,0,6.6,78.9,31.7,1,6.1,60.3,59.5,50.3,1,54.8,D,1
Female,High School,1,0.6,69.0,37.8,5,6.5,52.0,51.9,56.8,1,27.7,F,0
Female,Graduate,0,1.7,68.8,63.5,10,6.0,29.7,55.1,82.4,0,47.8,D,1
Male,None,1,5.3,54.0,81.7,10,6.3,64.7,100.0,84.6,1,67.3,B,1
Female,High School,1,5.3,54.7,61.4,0,6.8,16.0,52.4,85.2,1,43.2,D,1
Male,High School,0,5.3,39.9,49.4,2,5.0,14.0,66.2,55.5,1,19.8,F,0
Female,None,1,12.0,100.0,55.0,1,5.0,69.8,45.3,79.7,1,79.4,B,1
Female,High School,1,5.4,43.1,32.5,2,4.4,65.1,62.3,44.8,1,45.3,D,1
Female,Post-Graduate,1,6.8,54.1,65.9,4,4.1,53.9,52.7,45.5,1,53.4,D,1
Female,Graduate,0,6.4,53.6,70.9,10,4.7,27.1,49.6,22.4,1,50.4,D,1
Male,None,0,5.6,85.9,46.9,9,6.7,40.8,89.7,86.8,1,60.4,C,1
Male,Graduate,1,3.2,62.1,46.5,5,5.2,49.7,78.2,46.2,0,53.1,D,1
Male,Post-Graduate,0,5.9,93.0,59.8,8,7.3,23.1,59.5,58.0,1,71.1,B,1
Male,Post-Graduate,1,2.1,54.5,47.1,10,6.6,40.2,15.5,45.4,0,45.8,D,1
Male,Post-Graduate,1,3.4,73.6,53.8,9,3.5,68.0,50.5,71.1,0,55.3,C,1
Male,None,1,2.8,51.3,92.8,3,7.5,83.5,100.0,54.0,1,47.0,D,1
Male,Post-Graduate,1,4.2,100.0,50.6,6,7.7,46.6,52.8,39.1,0,57.9,C,1
Female,None,1,9.8,44.2,48.5,5,5.0,70.1,76.9,67.1,1,57.4,C,1
Male,None,1,0.0,74.2,43.3,1,7.1,16.7,83.0,37.1,1,35.7,F,0
Female,High School,1,5.7,80.7,68.4,9,5.2,68.2,60.9,46.6,1,76.3,B,1
Male,None,1,0.0,76.3,51.7,10,6.6,38.9,41.8,26.3,1,52.8,D,1
Female,Post-Graduate,1,2.8,64.3,43.3,10,4.6,61.1,13.2,37.2,0,36.5,F,0
Male,None,0,6.7,65.4,78.8,10,3.8,50.0,69.3,62.9,1,67.2,B,1
Female,None,0,4.2,68.9,80.6,7,5.9,81.4,42.3,28.6,0,59.4,C,1
Male,Graduate,1,1.3,65.1,44.2,6,6.3,37.5,60.2,36.3,1,43.3,D,1
Male,Post-Graduate,1,2.2,87.3,21.4,6,5.9,67.6,34.5,60.0,1,40.5,D,1
Male,None,1,5.7,100.0,73.1,7,4.7,49.4,52.2,51.3,0,86.5,A,1
Male,High School,1,2.2,56.9,42.7,10,5.9,51.8,57.6,91.9,1,39.0,F,0
Female,None,0,4.5,40.6,69.2,0,6.9,51.3,61.8,89.3,1,32.2,F,0
Male,None,1,4.1,66.2,19.5,0,6.4,38.1,36.9,46.1,1,34.4,F,0
Male,Graduate,1,2.4,100.0,71.1,7,6.8,54.7,78.5,68.9,1,76.8,B,1
Female,Post-Graduate,1,9.4,51.9,33.2,3,5.5,53.7,46.3,72.0,0,44.8,D,1
Male,Post-Graduate,1,5.6,100.0,68.2,4,8.3,59.8,26.9,50.4,1,64.3,C,1
Female,High School,0,0.0,100.0,55.3,7,4.7,56.7,55.0,36.1,1,54.6,D,1
Female,High School,1,4.5,56.9,37.8,4,7.2,71.0,57.6,59.8,1,43.8,D,1
Male,High School,1,2.3,79.4,47.7,9,8.3,73.5,59.9,57.2,0,51.5,D,1
Male,None,0,6.1,100.0,67.4,3,7.2,34.0,81.5,53.0,1,67.6,B,1
Female,None,1,2.0,60.4,56.9,5,6.2,72.4,52.7,67.1,0,43.9,D,1
Male,High School,1,3.7,63.9,65.5,4,5.7,31.3,54.8,48.0,0,52.3,D,1
Female,Post-Graduate,1,5.3,56.4,90.6,6,8.1,66.8,37.1,41.6,1,67.8,B,1
Male,Post-Graduate,1,6.2,47.7,26.8,9,4.4,67.4,71.8,61.7,1,50.7,D,1
Male,High School,0,1.0,55.0,84.1,6,5.0,16.8,60.3,66.2,1,43.9,D,1
Female,Graduate,1,3.2,43.5,56.9,3,5.9,56.9,49.4,41.2,1,38.2,F,0
Male,Post-Graduate,0,2.8,68.7,38.8,4,8.4,45.6,22.7,74.8,1,43.0,D,1
Male,Post-Graduate,1,2.4,52.6,31.1,2,7.1,39.8,83.0,31.7,0,30.0,F,0
Male,High School,0,8.4,72.7,51.6,3,5.0,82.0,34.9,50.8,1,56.8,C,1
Female,Post-Graduate,1,5.0,36.9,71.6,3,6.0,41.9,46.4,55.9,0,49.1,D,1
Male,None,1,0.8,74.6,52.7,2,5.6,38.9,63.5,49.8,1,47.2,D,1
Female,None,1,6.3,84.7,82.2,9,5.4,56.5,35.5,51.0,0,61.0,C,1
Male,Post-Graduate,0,9.3,28.1,28.9,4,8.0,68.7,30.1,89.9,0,42.7,D,1
Female,None,1,6.6,75.5,54.8,4,4.4,52.2,18.8,46.4,1,50.6,D,1
Male,Graduate,1,0.2,92.6,32.5,10,8.9,78.3,70.0,99.1,0,50.4,D,1
Male,Post-Graduate,0,2.8,43.8,61.5,6,7.7,65.6,47.2,67.0,0,42.2,D,1
Female,High School,1,7.2,100.0,71.0,3,8.1,11.4,100.0,61.5,1,74.9,B,1
Male,None,1,2.2,76.4,47.4,3,5.8,44.4,39.1,67.6,0,40.2,D,1
Female,Graduate,1,5.1,53.9,10.0,8,6.3,43.8,40.4,100.0,0,29.7,F,0
Male,Graduate,1,5.9,66.9,58.6,5,4.4,64.6,46.8,44.1,0,46.6,D,1
Female,None,0,1.7,79.2,62.9,3,5.7,2.5,61.4,42.1,1,46.8,D,1
Male,Graduate,1,3.9,69.5,62.3,1,7.2,100.0,48.5,47.9,1,31.1,F,0
Female,Post-Graduate,1,0.0,78.8,77.2,5,8.4,65.6,68.0,60.5,1,57.5,C,1
Male,Graduate,0,1.4,49.6,35.7,1,4.8,58.0,39.4,32.4,1,26.0,F,0
Female,None,1,3.4,71.4,67.2,4,6.0,78.6,32.1,60.4,0,57.4,C,1
Female,Graduate,1,0.9,39.7,76.5,5,6.3,100.0,24.6,87.1,1,38.4,F,0
Male,None,1,8.1,65.8,23.0,3,4.4,72.4,17.0,62.4,0,34.2,F,0
Female,None,1,0.4,49.9,60.8,2,7.4,74.0,47.7,55.3,1,35.7,F,0
Female,Graduate,0,2.9,53.3,45.9,6,5.4,57.6,51.6,50.1,1,46.6,D,1
Male,None,0,4.3,92.7,53.5,1,6.2,52.2,45.6,74.4,1,56.2,C,1
Male,None,1,7.6,89.8,61.3,10,5.8,45.5,79.4,46.8,0,69.2,B,1
Male,High School,0,0.4,80.2,46.2,5,5.3,38.5,79.1,89.5,0,39.7,F,0
Male,Post-Graduate,1,6.9,46.2,42.8,3,6.5,41.3,51.0,90.9,1,43.0,D,1
Male,None,0,4.0,61.7,55.6,5,6.2,28.0,24.7,64.1,0,37.4,F,0
Male,Post-Graduate,1,1.5,92.3,35.4,3,5.9,53.5,46.8,59.8,1,49.0,D,1
Female,High School,1,5.2,70.8,35.5,3,5.4,21.3,46.2,76.5,1,37.9,F,0
Female,High School,1,4.5,100.0,67.2,3,7.0,58.8,45.2,77.5,1,56.8,C,1
Female,High School,0,2.5,75.9,34.3,8,9.0,54.3,44.4,47.1,0,38.0,F,0
Male,High School,0,4.2,71.8,67.0,6,6.7,57.9,45.2,51.6,1,44.2,D,1
Male,Post-Graduate,0,3.0,61.8,63.3,2,8.0,44.6,50.0,38.8,1,41.7,D,1
Female,Graduate,0,4.3,70.7,23.9,2,4.4,100.0,45.6,66.5,1,45.7,D,1
Female,Graduate,1,5.7,65.0,42.8,5,6.7,82.2,60.7,70.7,0,50.2,D,1
Male,Post-Graduate,1,8.0,82.2,76.5,5,4.9,30.1,63.5,38.4,0,57.1,C,1
Female,None,1,0.9,87.1,37.3,3,4.3,59.7,40.6,52.7,0,42.6,D,1
Male,Post-Graduate,1,9.3,52.3,46.6,8,5.4,42.8,79.9,38.4,0,70.0,B,1
Male,None,1,0.0,41.4,63.3,3,8.3,34.7,39.4,45.6,1,25.6,F,0
Female,None,1,3.6,31.3,69.1,8,7.9,28.2,27.9,68.8,1,41.6,D,1
Male,Graduate,1,5.5,78.2,50.5,3,6.9,63.6,63.9,48.3,0,55.7,C,1
Male,High School,1,4.7,45.9,44.2,1,4.2,41.4,42.3,55.2,1,44.7,D,1
Male,Graduate,1,2.4,24.9,80.6,1,6.2,74.4,62.8,34.0,0,28.3,F,0
Male,Graduate,1,3.5,75.8,86.3,4,7.0,74.9,13.7,63.0,0,47.0,D,1
Female,Post-Graduate,0,2.8,100.0,72.6,3,6.8,82.5,82.1,59.3,0,60.5,C,1
Male,Post-Graduate,0,2.5,67.9,56.5,6,3.7,38.0,69.1,48.3,0,46.8,D,1
Male,None,1,6.1,84.8,40.5,10,5.2,64.5,30.0,57.0,1,63.3,C,1
Female,Post-Graduate,0,4.9,69.6,40.1,4,6.4,67.6,30.4,62.9,0,40.7,D,1
Male,None,1,2.3,66.0,64.4,5,7.3,45.5,87.1,47.0,1,54.2,D,1
Male,None,1,6.2,86.4,62.5,9,3.2,39.6,43.7,36.4,1,68.7,B,1
Female,High School,0,4.8,62.2,80.2,3,6.3,87.2,42.0,88.9,1,48.3,D,1
Female,High School,0,6.0,73.3,66.7,1,6.7,59.5,16.2,49.9,0,49.5,D,1
Male,Graduate,1,5.6,74.4,27.9,9,7.8,67.7,50.7,58.5,0,47.0,D,1
Male,High School,1,1.9,54.6,73.9,8,7.5,38.6,52.9,76.2,0,52.4,D,1
Female,None,0,2.6,87.8,37.0,9,7.4,30.6,69.9,100.0,1,51.8,D,1
Male,Post-Graduate,1,5.9,64.5,48.1,6,5.3,43.6,31.8,40.1,0,47.0,D,1
Male,High School,1,5.5,52.9,59.5,3,3.6,52.5,29.6,67.2,1,45.3,D,1
Male,High School,1,3.9,78.7,90.9,2,5.9,33.7,65.1,48.7,1,56.7,C,1
Female,High School,0,4.3,50.0,100.0,9,8.0,54.8,75.1,51.4,1,66.1,B,1
Male,High School,1,7.2,68.6,65.9,2,8.6,21.2,28.7,48.5,1,59.7,C,1
Female,None,0,2.5,67.8,51.7,8,7.6,32.6,76.5,42.0,0,44.8,D,1
Female,None,1,5.4,89.7,64.6,4,7.1,68.4,57.7,59.3,1,67.3,B,1
Female,Graduate,1,3.5,77.5,71.0,2,7.1,67.1,76.7,36.4,1,54.6,D,1
Female,Post-Graduate,1,3.5,67.5,49.2,4,5.7,47.2,55.7,75.1,1,43.1,D,1
Male,Graduate,1,6.7,84.4,87.3,1,6.3,34.6,11.6,60.9,1,61.4,C,1
Female,Graduate,1,6.1,95.8,59.1,10,9.0,34.5,54.3,66.8,1,72.5,B,1
Male,High School,1,6.0,79.2,64.0,3,5.1,47.5,76.1,52.5,0,59.5,C,1
Female,Post-Graduate,0,7.3,68.2,67.0,9,8.9,67.9,40.9,54.1,0,62.6,C,1
Female,High School,1,4.1,41.8,62.6,1,6.0,73.6,50.0,64.6,0,35.0,F,0
Male,None,1,5.7,46.7,70.1,1,8.5,45.1,53.8,41.4,0,57.0,C,1
Female,Graduate,0,3.2,61.9,43.9,7,4.4,31.9,4.8,54.3,0,44.1,D,1
Female,Post-Graduate,1,4.8,55.8,45.0,0,7.4,60.4,87.1,46.2,1,36.2,F,0
Male,None,0,3.7,64.3,35.2,6,5.4,38.5,40.8,45.8,1,43.9,D,1
Female,Graduate,0,4.2,69.1,62.9,4,4.4,44.6,66.1,26.2,1,47.6,D,1
Female,Post-Graduate,0,5.5,78.6,69.0,10,6.8,81.5,55.4,81.4,1,70.0,B,1
Female,Graduate,1,2.0,66.6,63.2,7,8.0,71.5,79.6,49.0,1,52.0,D,1
Male,Post-Graduate,1,9.2,77.7,85.1,0,5.2,58.2,64.3,78.6,0,73.7,B,1
Female,Graduate,1,1.5,69.3,54.9,10,4.3,29.6,52.8,77.1,0,49.6,D,1
Male,High School,1,1.0,28.5,67.0,6,6.4,59.2,40.9,39.4,1,32.4,F,0
Male,Graduate,1,6.9,49.2,35.3,4,6.4,76.3,71.4,42.6,0,52.0,D,1
Male,Graduate,1,6.0,65.1,48.0,3,7.3,47.5,23.3,100.0,0,50.8,D,1
Female,Post-Graduate,0,5.6,43.8,67.5,6,7.9,82.0,68.6,88.0,0,51.8,D,1
Female,Post-Graduate,1,5.6,80.0,70.3,9,6.4,80.9,37.2,59.5,0,68.0,B,1
Female,High School,0,4.0,98.6,49.7,1,9.3,88.3,79.5,64.1,1,54.1,D,1
Female,Post-Graduate,1,1.8,92.4,53.7,0,6.8,61.1,59.9,49.9,1,44.8,D,1
Male,Graduate,0,4.2,63.7,27.7,0,6.0,66.7,68.6,66.9,1,31.2,F,0
Male,Post-Graduate,1,2.3,97.8,48.6,10,4.1,83.3,58.5,48.5,1,55.1,C,1
Female,Post-Graduate,0,6.4,71.0,71.0,0,6.1,63.9,25.5,27.5,0,42.3,D,1
Female,Post-Graduate,0,3.6,61.3,65.4,4,6.0,45.0,41.5,38.9,0,33.7,F,0
Male,High School,1,1.9,55.7,64.0,9,7.9,46.0,69.1,60.3,0,42.7,D,1
Female,High School,1,3.2,62.0,55.9,6,7.2,59.8,60.0,41.9,0,45.4,D,1
Female,None,1,5.0,60.2,55.1,1,4.7,29.2,78.3,58.9,1,44.6,D,1
Female,High School,1,2.6,71.4,43.1,9,6.8,52.1,64.3,42.8,1,48.4,D,1
Female,High School,1,1.9,71.2,67.6,7,7.5,76.9,39.6,47.5,1,37.3,F,0
Female,High School,1,4.6,68.1,62.6,3,8.8,11.2,42.7,73.7,0,58.9,C,1
Female,Graduate,1,4.6,76.7,63.9,2,7.8,85.7,58.9,64.0,1,61.6,C,1
Male,None,1,2.7,91.8,45.5,9,7.6,77.4,15.3,59.8,1,60.4,C,1
Male,Graduate,1,2.8,87.0,16.2,10,6.6,45.8,87.1,74.1,1,64.2,C,1
Male,High School,1,4.6,38.3,74.7,7,7.1,65.9,65.0,67.7,1,45.5,D,1
Male,High School,1,0.4,20.0,46.4,1,8.4,55.1,79.1,83.1,1,32.8,F,0
Female,None,0,0.5,86.7,39.5,10,4.5,79.6,28.5,52.6,1,40.1,D,1
Female,None,0,2.2,40.7,67.5,10,6.0,74.7,79.4,53.1,1,47.1,D,1
Male,Post-Graduate,1,3.5,63.5,47.9,2,5.3,27.0,97.2,39.2,0,31.3,F,0
Male,High School,1,4.8,44.6,74.1,2,7.1,66.7,33.2,53.1,1,45.2,D,1
Male,High School,0,7.7,32.0,66.1,9,8.3,50.9,70.9,75.4,0,58.0,C,1
Male,Graduate,1,6.1,78.8,67.3,10,5.6,56.7,57.0,80.8,0,67.2,B,1
Male,Post-Graduate,1,3.6,83.2,30.4,0,3.0,40.4,29.2,75.4,1,42.6,D,1
Female,High School,0,4.0,56.5,76.8,5,5.9,90.0,65.9,31.3,1,50.3,D,1
Female,Graduate,1,1.5,20.0,59.7,1,7.9,75.8,72.0,77.3,0,22.4,F,0
Male,None,1,4.0,57.1,48.4,0,7.3,40.2,46.2,30.6,1,33.3,F,0
Male,Graduate,1,3.3,75.8,57.6,1,7.1,28.3,78.0,74.4,0,50.1,D,1
Female,High School,1,4.8,38.4,23.0,5,6.1,47.3,27.0,54.1,1,30.0,F,0
Female,Graduate,1,1.9,71.7,62.4,3,4.6,63.7,30.1,71.2,1,49.1,D,1
Female,Graduate,1,5.3,67.7,36.5,5,7.3,59.8,59.5,38.7,1,57.0,C,1
Male,Post-Graduate,1,7.8,79.6,30.7,8,5.2,80.1,57.5,78.7,1,53.5,D,1
Female,Post-Graduate,1,3.7,70.4,27.6,9,9.8,70.8,44.1,36.6,0,56.3,C,1
Male,None,1,5.0,48.5,75.0,9,7.4,74.4,71.6,49.3,1,71.5,B,1
Male,Post-Graduate,1,5.7,91.9,43.7,7,5.6,61.5,66.6,44.0,0,62.1,C,1
Female,Graduate,1,3.0,64.8,82.6,0,5.6,27.2,72.4,31.9,1,47.7,D,1
Female,Post-Graduate,0,4.6,67.5,45.4,7,6.4,51.1,54.8,61.5,1,56.1,C,1
Female,High School,0,4.0,49.3,24.3,8,6.1,76.2,67.8,88.9,1,39.9,F,0
Male,Graduate,0,4.2,59.1,34.9,5,8.2,54.0,49.0,100.0,0,43.2,D,1
Female,Graduate,0,2.1,50.3,77.2,9,6.8,65.1,94.0,61.6,0,40.5,D,1
Female,Graduate,1,4.1,64.5,52.2,4,5.4,48.6,42.4,77.9,0,46.0,D,1
Male,High School,1,5.2,100.0,45.1,5,9.3,34.4,94.9,63.7,1,67.0,B,1
Female,Graduate,1,7.6,40.6,57.9,5,6.6,52.5,57.6,68.0,1,55.9,C,1
Female,Post-Graduate,1,6.4,35.7,64.0,8,7.7,61.2,32.2,54.5,0,58.0,C,1
Male,High School,1,9.4,97.4,75.1,3,5.6,41.9,81.6,63.1,1,71.1,B,1
Male,Graduate,1,2.1,63.8,81.1,1,7.0,50.3,59.3,68.6,1,41.7,D,1
Male,Post-Graduate,1,6.2,54.6,48.5,10,7.0,36.2,72.3,50.7,0,67.6,B,1
Male,Post-Graduate,1,4.5,88.8,31.1,10,3.7,77.4,79.0,58.8,1,58.5,C,1
Male,None,1,9.5,55.9,47.6,8,9.5,49.1,63.1,59.1,1,67.0,B,1
Female,Post-Graduate,1,2.0,100.0,59.7,1,8.4,84.1,46.3,73.2,1,52.3,D,1
Female,Post-Graduate,0,1.9,81.6,37.7,9,5.9,85.6,74.6,42.9,0,42.3,D,1
Male,None,1,2.5,58.2,37.8,8,4.8,53.4,57.0,59.2,0,50.9,D,1
Female,None,1,0.0,100.0,61.2,1,7.0,34.8,69.3,90.6,0,41.7,D,1
Female,High School,0,2.7,55.9,54.1,7,6.6,13.3,18.2,78.6,0,32.5,F,0
Male,Post-Graduate,1,2.1,82.8,55.6,8,7.0,25.6,65.0,81.6,0,50.2,D,1
Male,High School,1,4.4,74.0,41.3,9,6.8,27.5,45.5,60.4,1,42.0,D,1
Male,High School,0,4.9,94.0,50.9,8,7.3,82.6,86.8,65.1,1,60.5,C,1
Female,Graduate,1,8.7,99.2,38.4,9,8.7,57.3,68.2,76.0,1,70.9,B,1
Male,High School,1,6.4,68.6,71.0,8,7.4,62.8,61.3,85.0,0,69.1,B,1
Female,High School,1,2.6,52.9,73.6,1,4.9,10.6,65.8,28.8,1,32.9,F,0
Female,High School,1,1.8,77.2,21.8,3,8.5,31.0,39.0,39.0,1,41.0,D,1
Female,High School,1,5.2,54.4,38.3,6,9.0,72.7,86.2,81.0,1,59.8,C,1
Female,None,1,0.7,100.0,28.1,1,10.0,60.7,92.8,55.6,1,48.0,D,1
Male,Post-Graduate,1,8.6,70.7,43.3,0,4.8,52.1,64.1,49.3,1,51.3,D,1
Female,Graduate,1,6.9,60.7,53.5,2,6.9,66.3,85.6,39.9,1,53.5,D,1
Male,None,0,2.8,71.7,28.9,3,3.4,87.7,46.8,51.1,0,24.8,F,0
Female,Graduate,1,0.0,41.1,38.4,7,7.3,50.6,42.7,37.6,1,28.3,F,0
Male,Graduate,1,7.4,48.6,36.9,5,5.7,56.4,57.7,93.5,0,43.4,D,1
Male,None,1,3.7,92.0,58.7,10,9.4,58.9,64.8,59.6,0,69.8,B,1
Male,High School,1,7.1,54.9,56.2,1,5.3,100.0,49.9,59.1,0,64.5,C,1
Female,None,1,0.0,47.1,42.0,8,4.0,13.0,66.7,69.4,0,33.4,F,0
Female,Graduate,1,2.5,78.7,58.2,1,5.8,68.7,62.5,75.4,0,31.9,F,0
Female,Graduate,1,4.0,91.7,45.2,4,3.5,52.7,39.0,75.1,0,48.3,D,1
Male,High School,0,4.1,82.4,50.1,3,7.6,66.3,66.3,77.2,0,50.3,D,1
Female,None,1,2.9,87.9,85.1,6,3.4,41.9,72.5,49.9,1,60.2,C,1
Female,Post-Graduate,1,5.6,52.9,79.1,7,6.5,54.0,60.1,55.2,0,52.2,D,1
Female,Graduate,1,1.3,39.6,31.6,4,3.4,69.2,77.7,72.3,1,29.0,F,0
Male,None,1,3.6,98.0,69.9,9,6.0,100.0,35.1,51.6,0,58.8,C,1
Female,High School,0,4.3,61.5,69.6,4,9.0,71.2,65.4,59.9,1,45.5,D,1
Female,High School,1,5.3,63.0,34.3,1,7.0,38.0,35.9,66.4,1,45.1,D,1
Male,Post-Graduate,1,5.8,94.6,69.7,7,5.2,46.5,36.9,72.6,1,61.9,C,1
Male,Graduate,0,1.2,79.1,82.7,1,6.5,45.9,45.6,31.6,1,46.2,D,1
Male,Post-Graduate,0,0.2,77.1,34.8,9,6.5,19.1,40.0,71.4,0,29.8,F,0
Male,Post-Graduate,0,7.2,100.0,38.5,5,7.2,48.4,47.1,56.3,1,73.3,B,1
Male,Post-Graduate,1,4.8,55.1,73.3,7,4.4,69.7,53.1,71.3,1,50.5,D,1
Male,Post-Graduate,1,2.1,86.6,59.9,5,7.4,29.5,72.1,72.4,1,51.4,D,1
Female,High School,1,7.9,69.1,64.9,3,3.0,76.0,51.2,85.7,1,62.2,C,1
Female,Graduate,1,4.3,73.4,61.1,3,5.6,64.8,28.5,81.7,0,46.0,D,1
Male,Post-Graduate,1,6.9,98.6,62.0,5,5.8,40.3,77.5,81.5,1,70.9,B,1
Female,Graduate,0,4.2,78.2,31.1,3,7.4,52.2,41.9,83.1,0,46.2,D,1
Male,High School,1,9.2,78.8,73.9,7,6.5,87.0,55.9,64.7,1,82.1,A,1
Female,High School,1,8.4,89.5,76.1,8,4.4,69.7,65.0,60.5,0,80.9,A,1
Male,None,1,3.4,60.7,50.9,0,5.0,55.2,60.6,74.0,1,37.3,F,0
Male,None,1,6.4,51.2,54.2,3,6.8,50.2,76.7,71.7,0,47.6,D,1
Female,Graduate,1,5.6,47.1,27.4,3,6.4,56.5,65.6,55.1,0,52.2,D,1
Female,None,1,7.4,28.7,64.3,1,5.6,44.8,41.5,66.5,1,48.7,D,1
Female,Post-Graduate,1,1.6,100.0,65.3,5,5.8,12.9,96.2,59.4,1,49.9,D,1
Female,Graduate,1,5.7,45.9,53.9,2,7.5,95.8,60.5,46.3,1,46.2,D,1
Female,High School,0,6.6,63.6,75.2,6,5.7,58.1,54.3,80.6,0,56.7,C,1
Female,High School,1,0.0,62.5,49.0,10,6.4,63.0,74.4,60.9,0,42.0,D,1
Female,Post-Graduate,1,1.0,74.1,65.2,10,9.8,53.8,61.5,92.8,1,49.4,D,1
Female,None,0,0.0,84.3,36.6,4,4.4,40.3,64.2,34.0,1,31.5,F,0
Male,Graduate,0,3.3,85.2,54.6,3,3.7,51.3,100.0,51.1,1,59.3,C,1
Female,Graduate,0,5.8,56.3,51.9,4,7.7,23.0,52.0,60.5,1,50.1,D,1
Female,Post-Graduate,1,7.8,64.7,59.1,7,5.5,100.0,51.3,78.2,1,49.4,D,1
Male,None,1,4.2,73.7,48.3,2,6.0,30.3,59.1,66.4,1,53.5,D,1
Male,Graduate,1,8.1,63.0,52.6,6,5.3,34.4,76.3,65.0,1,66.9,B,1
Male,Post-Graduate,1,0.5,100.0,69.9,5,6.1,46.2,29.9,42.0,1,49.9,D,1
Male,Graduate,1,0.0,77.8,47.1,0,8.9,80.8,21.6,41.5,1,38.7,F,0
Female,High School,1,3.9,82.7,26.1,6,7.7,55.3,46.4,65.2,1,44.5,D,1
Female,Graduate,0,5.0,81.3,86.5,6,7.8,30.3,27.6,38.2,1,58.4,C,1
Male,Graduate,1,3.9,91.5,79.9,0,4.4,80.1,49.4,51.5,0,63.0,C,1
Male,Graduate,1,0.0,71.6,31.7,8,4.8,69.6,66.0,68.0,0,36.4,F,0
Female,None,0,3.8,42.1,67.4,5,3.0,65.8,41.0,44.3,0,26.3,F,0
Female,None,1,0.7,76.0,45.9,1,5.3,69.3,31.3,85.7,1,35.8,F,0
Female,Post-Graduate,1,5.7,55.0,59.7,4,7.9,100.0,58.2,79.6,0,52.0,D,1
Female,None,0,4.9,57.4,60.3,10,7.3,98.7,72.5,34.9,0,63.1,C,1
Male,Graduate,0,1.7,79.7,50.8,3,6.2,41.3,26.5,45.1,1,39.2,F,0
Female,Graduate,0,2.7,92.8,40.9,6,6.5,87.5,71.8,23.4,1,48.2,D,1
Male,None,1,1.4,68.4,42.6,7,5.5,62.7,71.7,47.5,1,49.5,D,1
Male,None,1,3.8,74.2,38.5,10,6.8,65.0,74.2,72.3,1,57.5,C,1
Male,Graduate,1,6.4,100.0,40.0,10,7.6,21.2,78.9,53.4,1,65.6,B,1
Female,Graduate,0,1.5,72.8,53.8,0,4.1,51.6,96.6,67.4,1,43.0,D,1
Male,High School,1,5.3,100.0,42.1,4,6.9,38.7,50.6,35.6,1,59.0,C,1
Female,Post-Graduate,1,2.7,79.3,67.3,2,7.9,71.6,59.0,72.8,1,51.1,D,1
Male,None,0,2.0,32.8,81.8,0,5.9,76.4,49.5,51.1,0,30.5,F,0
Female,Post-Graduate,1,3.7,83.1,44.6,2,7.6,13.5,57.0,60.2,1,40.2,D,1
Male,Graduate,1,1.4,75.6,59.3,5,10.0,54.6,84.6,58.5,0,45.1,D,1
Male,Post-Graduate,1,2.6,93.8,64.0,6,6.3,77.4,32.8,39.7,0,55.6,C,1
Female,None,0,1.0,81.5,63.5,7,7.1,51.3,41.5,41.6,1,46.6,D,1
Female,None,0,8.9,65.2,56.4,10,5.4,69.6,81.8,75.5,0,75.5,B,1
Male,Post-Graduate,1,4.1,43.5,68.4,3,6.8,62.0,75.4,66.4,1,46.1,D,1
Male,None,1,2.3,63.8,63.7,2,7.2,61.8,50.5,76.8,1,48.6,D,1
Female,High School,1,4.5,51.0,32.7,4,6.8,49.6,72.4,65.2,1,40.9,D,1
Male,Graduate,1,3.7,56.4,70.6,8,5.0,30.7,63.1,62.3,1,58.8,C,1
Female,Graduate,1,3.4,79.8,71.0,5,6.8,32.6,84.0,32.4,1,58.0,C,1
Female,None,1,5.5,100.0,41.3,8,8.7,69.2,58.3,55.7,0,65.7,B,1
Male,Graduate,1,5.9,75.9,55.7,5,7.2,55.4,75.5,59.6,1,59.2,C,1
Female,High School,1,2.7,44.1,67.3,1,7.9,52.2,100.0,91.2,1,34.5,F,0
Male,None,1,2.6,76.9,51.2,4,6.1,46.5,67.8,71.0,1,50.4,D,1
Female,High School,1,3.3,91.9,74.3,10,7.6,48.9,57.9,84.6,1,68.6,B,1
Female,High School,1,0.0,55.8,97.5,8,6.9,75.9,70.0,69.6,0,47.1,D,1
Male,Graduate,1,0.2,65.3,40.9,7,5.1,48.3,50.4,48.6,0,42.3,D,1
Female,Graduate,1,7.4,68.3,30.1,6,7.0,28.2,100.0,61.9,0,47.1,D,1
Male,Post-Graduate,0,8.1,52.3,60.5,0,5.0,69.9,60.2,63.8,0,44.4,D,1
Female,High School,1,3.4,81.0,68.0,3,5.6,50.9,52.1,45.0,1,57.8,C,1
Female,Graduate,1,5.4,65.6,50.8,6,6.8,55.6,42.0,53.8,1,55.3,C,1
Female,High School,1,4.8,76.4,81.2,10,6.9,87.2,76.7,56.7,0,68.4,B,1
Female,Post-Graduate,1,11.7,50.3,30.9,6,4.7,54.6,72.6,85.7,1,63.6,C,1
Male,High School,1,6.8,59.3,67.5,5,8.1,60.8,48.0,26.7,1,58.8,C,1
Female,None,1,3.7,82.4,44.1,7,7.4,31.4,67.4,79.3,0,44.1,D,1
Female,Post-Graduate,1,1.6,60.5,85.9,10,5.4,50.6,29.8,45.0,0,49.6,D,1
Female,Post-Graduate,0,0.0,100.0,90.9,5,4.2,67.2,60.3,38.0,1,63.8,C,1
Male,High School,1,4.5,60.0,41.2,9,6.3,23.9,65.1,78.9,1,47.3,D,1
Male,High School,1,2.1,72.5,45.1,2,5.8,59.0,87.7,71.7,1,39.6,F,0
Male,Graduate,1,0.4,86.7,70.5,3,6.7,57.0,43.1,80.1,0,42.9,D,1
Male,None,1,2.4,39.6,48.0,2,6.0,55.8,34.0,72.8,1,30.2,F,0
Female,Post-Graduate,0,1.3,32.8,54.2,0,3.5,75.7,40.9,93.0,0,17.2,F,0
Female,Post-Graduate,1,8.2,37.5,55.5,9,5.9,61.7,32.9,68.9,0,58.8,C,1
Female,Post-Graduate,1,6.2,93.3,20.4,4,6.0,84.6,81.1,57.5,1,57.7,C,1
Male,Graduate,0,4.0,57.0,54.8,0,7.5,35.1,84.9,65.5,0,41.9,D,1
Male,None,1,7.7,100.0,42.6,0,5.5,57.7,62.8,79.9,0,52.9,D,1
Female,Post-Graduate,1,4.2,56.7,46.1,1,9.0,56.7,79.0,47.5,0,38.2,F,0
Female,Post-Graduate,0,1.8,71.7,81.0,3,3.6,33.6,59.4,49.6,0,40.8,D,1
Female,Graduate,0,7.8,98.8,32.4,5,8.5,74.1,55.3,55.1,1,67.2,B,1
Male,High School,1,5.3,100.0,69.6,7,6.2,100.0,51.0,26.3,1,65.2,B,1
Female,Post-Graduate,1,1.4,100.0,50.0,2,7.8,54.7,51.4,62.2,0,52.7,D,1
Female,None,1,3.5,92.2,50.0,0,6.6,65.1,29.1,29.8,0,52.5,D,1
Male,None,1,1.8,88.5,69.2,2,8.2,56.7,61.8,60.8,0,43.6,D,1
Male,None,1,0.5,79.9,61.1,2,5.9,40.7,56.3,73.8,1,38.5,F,0
Female,None,1,6.3,83.6,65.3,4,4.9,18.6,70.4,52.4,0,55.4,C,1
Male,Graduate,1,8.8,57.0,72.4,10,8.6,40.9,58.7,86.8,1,89.0,A,1
Female,Post-Graduate,1,0.5,51.6,49.0,3,6.3,27.2,54.1,36.6,0,25.3,F,0
Female,Graduate,0,5.4,67.9,44.0,3,6.8,89.1,41.3,79.1,0,57.0,C,1
Female,None,1,2.4,64.6,35.5,8,8.4,52.7,58.3,70.8,1,38.3,F,0
Female,None,1,2.8,58.9,40.1,6,5.0,48.1,70.3,32.5,1,34.4,F,0
Male,None,0,2.5,81.9,100.0,3,7.4,72.8,36.4,100.0,0,52.2,D,1
Male,Graduate,1,1.8,87.1,77.4,2,5.6,32.6,58.6,59.0,1,44.9,D,1
Male,None,1,4.1,69.8,30.7,5,6.3,39.7,61.2,46.0,1,42.9,D,1
Female,Post-Graduate,1,1.9,97.6,31.2,2,6.6,56.4,44.1,37.5,1,38.6,F,0
Female,None,1,4.7,45.2,63.7,5,4.2,75.6,46.4,56.5,1,41.0,D,1
Female,Post-Graduate,1,3.9,64.1,64.9,10,5.3,65.0,61.2,58.0,1,65.0,C,1
Male,Post-Graduate,1,3.4,53.7,64.9,10,8.5,60.0,36.6,61.6,1,61.9,C,1
Male,None,0,1.7,30.7,50.4,8,7.8,56.6,63.3,55.2,0,38.8,F,0
Female,Graduate,1,2.6,66.3,52.7,5,6.4,63.0,40.9,70.1,1,48.7,D,1
Male,High School,1,5.9,65.6,60.9,3,6.9,59.0,76.1,53.8,1,54.8,D,1
Male,High School,1,5.3,98.3,56.5,4,6.1,34.4,99.1,29.0,0,56.8,C,1
Male,Post-Graduate,0,1.6,80.6,15.1,5,8.5,55.9,41.5,57.6,0,29.3,F,0
Male,Graduate,1,4.2,47.5,50.9,10,6.2,33.5,66.6,22.1,0,49.3,D,1
Female,High School,1,5.9,100.0,39.7,2,6.8,56.6,43.9,65.7,1,50.4,D,1
Male,None,1,0.0,92.4,58.2,7,8.2,45.4,75.7,44.3,1,45.3,D,1
Female,None,1,5.4,79.6,100.0,3,5.3,100.0,34.2,62.6,1,72.7,B,1
Male,Post-Graduate,1,2.3,63.5,61.6,7,8.8,54.2,65.7,81.0,0,61.6,C,1
Female,Graduate,1,5.4,48.8,49.4,9,4.2,26.9,41.3,44.8,1,51.3,D,1
Female,Graduate,0,2.1,60.6,71.6,9,8.9,52.3,53.3,77.0,1,58.8,C,1
Male,High School,1,0.0,89.8,63.7,2,5.9,65.4,38.4,53.1,0,40.2,D,1
Female,High School,0,0.0,100.0,62.6,9,6.1,88.5,71.8,88.1,1,48.9,D,1
Female,None,1,4.1,98.9,65.9,6,3.7,43.2,41.9,54.2,1,64.9,C,1
Male,Post-Graduate,1,4.6,58.2,92.0,10,5.8,23.4,66.9,46.6,1,66.4,B,1
Female,Graduate,1,1.7,45.6,34.6,8,4.9,71.3,50.8,71.0,1,37.1,F,0
Male,High School,1,5.6,70.8,63.5,3,5.6,27.4,54.9,53.0,1,51.3,D,1
Female,High School,1,0.0,32.6,38.3,7,6.3,46.3,59.7,46.5,0,31.1,F,0
Male,Post-Graduate,0,3.8,74.5,65.0,2,7.9,49.8,43.3,52.4,1,41.5,D,1
Male,Post-Graduate,1,1.0,65.0,38.5,6,6.8,53.6,60.8,59.3,0,32.8,F,0
Male,None,1,2.4,58.7,47.5,2,7.0,68.8,84.5,81.5,0,32.1,F,0
Male,Post-Graduate,1,4.1,36.1,49.7,6,4.9,41.3,43.0,29.1,0,36.7,F,0
Male,None,1,1.8,78.3,72.6,10,5.2,49.5,78.1,60.4,1,51.9,D,1
Female,None,1,3.0,57.3,71.5,9,9.2,54.7,84.0,70.0,1,52.8,D,1
Female,Post-Graduate,1,6.5,44.6,32.6,9,5.4,58.0,42.3,63.1,0,43.4,D,1
Male,Post-Graduate,0,2.6,20.0,56.0,10,9.0,57.0,30.8,81.0,0,34.8,F,0
Female,Post-Graduate,1,6.1,67.4,42.2,10,6.1,63.7,62.4,58.8,1,50.9,D,1
Female,Post-Graduate,1,1.2,100.0,32.3,5,6.5,71.9,47.1,57.0,1,48.1,D,1
Female,Post-Graduate,0,5.3,100.0,51.1,1,8.1,62.9,90.6,69.5,1,65.7,B,1
Male,None,1,7.6,58.9,49.4,10,8.4,64.1,57.6,61.6,1,65.4,B,1
Male,High School,1,0.0,56.0,98.7,2,6.3,23.4,42.6,53.8,1,49.2,D,1
Female,Graduate,1,2.0,77.4,62.8,5,5.9,56.0,36.4,68.3,0,55.6,C,1
Male,Graduate,1,5.4,48.0,30.2,3,6.4,64.6,76.6,49.6,1,45.1,D,1
Male,None,1,3.5,74.0,44.8,5,7.0,69.6,46.7,50.2,0,47.5,D,1
Female,None,0,4.9,83.3,73.4,0,7.8,41.2,57.8,51.6,1,52.8,D,1
Male,High School,0,2.5,92.5,92.6,9,6.5,41.8,74.2,81.6,0,70.0,B,1
Male,Post-Graduate,1,4.2,66.0,26.5,0,7.4,43.5,48.3,8.5,1,32.2,F,0
Male,None,0,3.6,63.9,21.2,2,9.0,65.7,56.2,66.3,1,24.3,F,0
Male,Graduate,1,6.9,50.4,88.7,7,7.1,75.7,56.7,60.5,1,67.6,B,1
Male,Post-Graduate,1,4.6,51.5,62.0,7,7.0,46.9,69.3,33.1,0,42.3,D,1
Female,None,1,4.8,63.5,39.4,10,4.2,73.2,67.6,65.0,1,48.6,D,1
Male,Post-Graduate,1,3.0,75.3,64.6,3,3.0,57.5,53.0,67.6,0,45.9,D,1
Male,Graduate,1,2.8,86.3,10.0,5,7.1,52.5,58.1,69.4,0,40.9,D,1
Female,Post-Graduate,1,2.9,51.9,55.1,7,6.4,50.8,50.3,17.6,0,32.9,F,0
Female,None,1,5.0,97.9,60.9,6,5.7,69.9,30.4,81.9,1,66.0,B,1
Male,None,1,2.9,62.6,71.6,10,6.9,61.5,61.6,48.2,1,62.9,C,1
Female,Graduate,1,4.7,67.6,36.7,6,6.4,100.0,91.1,71.0,1,45.8,D,1
Male,High School,0,9.2,53.1,56.5,3,8.2,38.0,41.1,71.9,1,63.2,C,1
Female,High School,1,6.2,20.0,38.3,8,6.6,65.4,43.1,46.0,1,31.5,F,0
Male,Post-Graduate,1,3.2,85.7,59.6,9,5.4,44.4,41.3,70.6,1,72.1,B,1
Female,None,1,7.0,82.7,38.9,5,8.0,37.6,70.0,53.8,0,55.8,C,1
Male,None,1,3.0,62.4,47.7,10,6.2,54.8,65.1,26.9,0,49.3,D,1
Female,Graduate,1,0.0,69.3,37.1,2,7.3,57.7,54.1,78.7,1,21.2,F,0
Male,Graduate,1,1.5,78.3,66.7,4,5.8,100.0,40.5,47.6,1,47.9,D,1
Male,None,0,0.0,36.7,70.5,4,5.5,51.3,58.7,46.3,1,30.0,F,0
Male,Graduate,1,3.1,57.4,50.8,4,6.6,32.4,28.8,53.6,1,39.7,F,0
Female,High School,0,4.0,83.9,55.7,7,6.5,60.5,59.6,64.4,0,51.5,D,1
Female,High School,1,8.2,42.9,28.9,8,7.2,13.5,72.7,59.1,0,44.1,D,1
Male,Post-Graduate,1,4.8,73.9,49.6,8,6.1,53.2,34.5,68.8,1,63.5,C,1
Male,Graduate,0,3.5,40.9,54.1,5,3.7,55.3,29.4,38.6,0,33.1,F,0
Male,Post-Graduate,0,6.1,77.3,100.0,5,5.9,70.9,85.4,48.1,0,75.8,B,1
Male,Graduate,1,0.0,67.3,35.0,8,7.7,74.5,46.0,58.1,1,36.6,F,0
Female,Graduate,0,4.6,35.7,81.4,3,6.1,44.9,77.4,90.4,0,40.1,D,1
Female,High School,0,5.9,91.3,72.9,5,6.1,52.0,54.2,58.2,1,69.2,B,1
Female,None,1,0.3,53.3,60.1,3,8.0,39.7,54.1,77.4,1,25.1,F,0
Male,Graduate,1,6.9,51.8,86.7,10,5.4,32.4,64.9,60.6,1,58.7,C,1
Male,Graduate,1,4.8,72.0,61.7,0,4.2,61.2,41.1,52.3,0,51.7,D,1
Female,Graduate,1,3.0,91.0,62.0,6,6.3,29.5,59.4,56.1,0,47.7,D,1
Female,None,0,5.6,47.7,54.0,9,5.8,46.7,50.1,57.3,1,39.0,F,0
Female,Post-Graduate,1,9.7,69.2,77.0,10,5.1,35.1,33.2,69.7,0,86.0,A,1
Female,Post-Graduate,1,4.5,76.6,74.7,5,6.2,66.0,63.1,82.0,0,50.0,D,1
Male,Graduate,1,4.6,81.9,43.7,8,7.2,91.0,52.3,65.8,0,59.4,C,1
Male,Graduate,1,2.9,71.5,31.3,6,6.5,29.0,54.2,79.0,0,42.8,D,1
Male,Post-Graduate,1,1.9,60.7,51.3,6,7.0,17.9,35.2,44.6,0,21.4,F,0
Female,Post-Graduate,1,6.1,51.4,40.6,1,9.2,52.5,85.6,53.4,1,42.8,D,1
Male,High School,0,1.9,69.7,53.9,10,6.0,55.3,72.8,48.4,0,50.6,D,1
Female,Graduate,0,4.2,46.6,77.3,8,6.9,59.4,74.4,65.0,0,53.2,D,1
Female,Post-Graduate,1,2.8,20.0,46.8,9,5.7,46.1,51.5,54.3,1,40.3,D,1
Female,High School,0,5.2,76.7,54.2,8,5.2,51.0,25.9,71.7,1,53.9,D,1
Female,None,1,4.8,86.1,56.0,5,5.6,62.4,92.2,45.1,0,61.9,C,1
Female,Graduate,1,6.6,20.7,70.3,2,5.8,75.8,55.9,60.7,0,36.7,F,0
Male,Post-Graduate,0,2.7,47.8,14.6,0,7.0,15.9,43.5,71.0,1,12.1,F,0
Male,Graduate,1,3.3,80.4,44.1,3,10.0,47.6,64.5,27.0,1,40.0,F,0
Male,High School,0,1.6,100.0,58.8,2,5.4,59.3,78.0,93.9,1,40.6,D,1
Female,Post-Graduate,1,2.9,68.4,76.6,0,5.9,36.6,56.6,55.5,1,50.5,D,1
Male,None,1,4.9,53.4,46.1,2,6.4,89.6,80.0,27.6,0,32.2,F,0
Female,None,1,5.9,64.3,21.2,3,7.1,42.3,76.5,62.5,1,46.2,D,1
Male,High School,1,1.7,95.5,66.2,7,6.9,54.2,37.6,60.5,0,54.3,D,1
Female,None,0,6.2,55.1,43.6,8,8.4,66.1,44.9,58.7,1,51.9,D,1
Female,None,1,7.4,52.0,33.6,2,3.0,43.2,74.2,75.9,1,52.6,D,1
Male,None,1,5.0,58.3,43.8,5,3.0,18.1,8.2,72.0,1,39.9,F,0
Female,None,1,8.7,48.9,51.7,9,5.8,46.4,54.3,64.8,0,63.5,C,1
Male,None,1,2.1,70.5,44.1,10,8.1,75.6,31.2,67.2,0,50.1,D,1
Male,None,1,0.9,100.0,15.3,4,4.2,48.3,48.4,58.3,1,38.2,F,0
Male,None,1,0.0,74.5,71.1,5,3.0,38.1,51.6,88.4,1,57.6,C,1
Female,Post-Graduate,1,7.7,63.0,77.9,3,7.4,73.5,50.6,36.3,1,52.7,D,1
Female,None,0,5.6,62.2,66.7,9,6.9,48.4,47.1,62.2,0,65.1,B,1
Female,Post-Graduate,1,3.9,36.7,34.5,5,4.9,44.8,37.3,61.0,0,36.0,F,0
Female,Graduate,1,4.7,85.7,51.4,6,5.0,58.0,98.3,73.0,1,56.6,C,1
Male,High School,1,1.2,66.4,54.9,8,5.0,70.4,90.6,46.5,0,55.4,C,1
Female,None,0,10.1,64.4,65.8,9,6.7,100.0,36.1,32.1,1,60.1,C,1
Male,High School,1,4.3,100.0,67.0,6,5.6,71.5,85.5,62.5,1,63.4,C,1
Male,None,0,4.3,74.0,41.8,5,7.2,78.2,49.8,64.5,1,41.4,D,1
Female,Post-Graduate,1,5.8,53.0,56.5,0,3.0,44.9,59.3,83.8,1,45.0,D,1
Female,None,1,5.2,59.5,63.2,1,5.2,34.5,55.9,39.7,1,38.1,F,0
Male,Graduate,1,4.6,91.0,81.2,0,4.8,56.2,45.1,78.5,0,58.5,C,1
Female,High School,1,2.0,70.3,67.7,8,6.1,57.1,74.7,97.9,1,53.7,D,1
Male,High School,0,5.2,39.2,69.2,9,5.7,33.4,59.3,54.0,0,45.2,D,1
Female,Graduate,0,8.7,86.4,56.5,9,7.7,51.5,48.4,39.3,1,74.3,B,1
Female,Post-Graduate,1,7.4,54.6,80.4,8,3.7,63.0,33.5,53.5,0,59.6,C,1
Male,Post-Graduate,0,8.0,100.0,62.4,6,6.6,62.2,40.9,60.2,1,64.8,C,1
Male,Graduate,1,2.7,89.6,39.5,1,7.3,65.1,27.5,69.0,0,60.3,C,1
Male,High School,0,1.5,59.1,80.3,5,9.3,60.8,57.2,50.5,0,41.5,D,1
Female,None,1,3.7,93.6,67.6,10,5.8,44.9,35.5,84.9,1,52.9,D,1
Female,Post-Graduate,1,4.1,69.4,47.0,3,7.0,44.7,52.2,42.2,0,38.8,F,0
Female,None,1,6.7,85.1,46.4,0,3.8,31.0,81.7,32.2,1,43.6,D,1
Male,High School,1,0.0,77.7,60.3,0,3.0,90.7,78.6,77.7,1,42.7,D,1
Male,None,1,7.8,51.1,63.3,4,7.8,55.3,56.4,23.6,0,55.9,C,1
Female,Graduate,1,3.6,55.1,58.6,1,6.5,50.5,55.4,56.7,1,42.7,D,1
Male,Post-Graduate,1,2.9,88.6,60.6,3,8.3,36.4,90.8,100.0,0,51.8,D,1
Female,Post-Graduate,1,1.5,61.3,85.6,0,4.4,100.0,66.4,59.8,0,39.2,F,0
Male,Graduate,1,0.0,59.9,74.3,3,7.3,33.5,51.1,42.1,1,35.2,F,0
Female,Graduate,1,6.1,48.9,58.4,10,9.3,46.4,31.3,59.1,1,57.7,C,1
Female,Post-Graduate,1,4.2,76.5,71.9,5,7.1,63.3,64.1,59.2,0,62.0,C,1
Female,Post-Graduate,0,0.8,100.0,36.4,9,6.9,67.0,71.9,62.6,1,54.0,D,1
Male,Post-Graduate,1,0.8,46.6,62.2,3,6.5,74.2,45.6,70.6,1,37.7,F,0
Male,High School,1,3.2,68.5,87.6,0,4.1,91.2,62.2,43.4,1,51.5,D,1
Female,High School,0,8.2,96.2,51.1,6,8.5,65.1,50.5,87.0,0,74.9,B,1
Female,High School,0,3.4,66.4,39.7,1,5.6,33.9,53.7,63.9,1,37.2,F,0
Female,None,1,0.2,77.0,43.3,8,7.3,49.9,12.2,71.6,1,45.7,D,1
Female,High School,1,3.4,46.8,35.4,2,4.2,61.2,53.0,49.9,1,39.0,F,0
Female,Post-Graduate,1,3.3,76.6,40.9,7,4.7,96.4,74.4,80.6,1,48.6,D,1
Female,High School,1,0.0,64.3,48.3,7,8.7,27.0,45.6,55.9,1,34.0,F,0
Male,Post-Graduate,1,3.9,87.7,29.7,2,6.0,79.1,57.9,64.4,0,38.0,F,0
Male,Graduate,1,3.4,91.7,55.3,3,8.7,58.6,43.4,45.1,1,55.0,D,1
Male,None,0,5.7,100.0,71.2,1,6.4,71.8,63.5,44.0,0,48.1,D,1
Male,None,1,8.6,79.6,38.7,3,3.7,53.0,53.1,71.0,0,59.7,C,1
Female,Graduate,0,6.8,74.5,82.3,10,7.8,38.2,40.1,52.9,1,69.6,B,1
Female,Post-Graduate,0,3.3,71.9,64.2,10,5.6,70.0,81.0,46.3,0,62.4,C,1
Female,None,0,1.2,60.9,73.6,10,7.5,68.1,73.7,49.7,1,46.9,D,1
Male,High School,1,10.4,74.8,43.2,8,6.5,74.4,46.1,71.2,1,70.8,B,1
Male,Post-Graduate,0,4.1,62.1,70.4,1,4.2,54.7,66.0,49.9,0,48.6,D,1
Female,None,0,4.0,71.4,35.3,2,6.7,43.0,66.7,58.1,1,49.0,D,1
Male,Graduate,1,3.9,94.4,71.0,10,9.8,23.8,68.6,60.2,1,66.1,B,1
Male,Post-Graduate,0,4.5,47.9,58.1,10,7.2,71.4,26.5,29.3,1,50.7,D,1
Female,None,1,3.6,90.8,65.0,3,6.4,63.5,75.1,36.5,1,57.9,C,1
Female,Graduate,1,2.6,94.3,33.8,4,8.1,35.7,46.7,65.4,0,49.2,D,1
Female,Post-Graduate,1,2.6,65.6,38.9,0,6.8,44.2,50.6,48.2,1,32.7,F,0
Male,High School,0,3.9,25.6,65.8,6,6.8,45.7,100.0,76.9,1,48.7,D,1
Female,Post-Graduate,0,2.6,55.8,37.9,9,4.9,25.3,62.4,75.5,0,27.7,F,0
Female,High School,1,2.2,93.9,63.3,6,6.9,38.6,50.0,71.5,1,54.1,D,1
Female,Post-Graduate,0,4.3,67.5,30.4,8,8.1,32.3,17.3,89.1,1,49.6,D,1
Male,Graduate,1,3.4,48.0,70.3,3,5.2,46.8,82.0,58.7,0,44.4,D,1
Male,High School,0,7.8,57.9,32.8,5,8.6,40.2,32.8,70.4,0,57.0,C,1
Female,High School,1,0.0,84.8,64.9,10,6.4,22.5,38.9,50.6,1,59.0,C,1
Female,Post-Graduate,1,6.7,78.9,66.3,1,5.2,95.5,51.0,99.2,0,56.9,C,1
Male,None,1,7.1,63.2,42.5,3,8.0,80.1,82.5,91.7,1,63.8,C,1
Male,High School,1,0.0,60.7,65.5,1,6.1,39.4,70.9,60.2,0,27.9,F,0
Female,Post-Graduate,1,3.1,60.2,59.7,9,7.6,60.4,54.2,66.2,1,59.1,C,1
Male,Graduate,1,3.1,49.6,45.3,4,6.1,63.3,62.5,81.7,0,49.3,D,1
Female,Post-Graduate,1,0.5,100.0,36.8,6,6.4,78.8,46.2,57.6,0,54.3,D,1
Female,Post-Graduate,1,2.1,61.6,19.7,0,7.2,38.6,59.5,49.5,1,28.2,F,0
Male,High School,0,1.2,92.3,61.3,9,6.9,76.8,58.3,74.0,1,54.8,D,1
Female,None,0,8.4,98.4,26.8,9,3.5,44.0,74.4,61.3,1,57.4,C,1
Female,Graduate,1,6.3,88.0,56.7,6,4.8,28.3,74.4,62.9,1,65.3,B,1
Male,High School,0,7.2,59.4,50.3,9,7.9,69.5,65.9,46.7,0,51.3,D,1
Female,High School,1,5.8,76.1,67.2,5,6.3,80.8,50.5,32.5,0,53.7,D,1
Male,High School,0,1.2,67.5,49.6,5,5.7,100.0,70.4,63.8,1,33.6,F,0
Female,Graduate,1,2.7,49.9,49.1,7,4.5,31.0,55.3,74.5,1,38.1,F,0
Female,None,0,5.2,74.5,68.2,7,4.9,69.0,37.5,56.4,1,57.7,C,1
Male,Graduate,1,0.9,44.4,61.0,5,3.5,46.8,49.7,83.0,0,34.8,F,0
Male,Graduate,0,5.8,91.8,60.7,2,6.3,70.7,58.5,48.7,1,53.8,D,1
Male,None,0,3.4,58.7,63.4,4,5.6,25.6,73.4,43.1,0,47.5,D,1
Male,Graduate,0,3.1,72.0,27.4,1,5.1,29.7,53.7,58.9,1,31.5,F,0
Male,Post-Graduate,1,5.8,73.7,68.6,4,6.4,39.5,35.2,58.7,1,52.3,D,1
Male,Graduate,0,5.1,62.8,66.0,8,7.0,56.6,58.0,72.3,0,57.0,C,1
Female,High School,1,3.1,79.7,36.7,9,9.6,42.2,59.0,47.6,1,66.1,B,1
Male,Graduate,0,6.9,58.5,50.6,0,4.2,68.2,60.3,81.9,0,45.6,D,1
Female,High School,0,1.3,85.4,54.3,9,8.2,75.5,73.6,91.5,1,53.0,D,1
Male,Graduate,1,5.5,41.1,52.6,4,8.0,67.0,75.3,59.4,0,35.4,F,0
Female,High School,1,5.5,70.5,61.0,5,5.3,87.4,46.3,80.0,1,56.1,C,1
Female,High School,1,3.2,100.0,80.8,10,6.8,63.3,45.9,43.1,0,70.4,B,1
Male,High School,1,4.8,48.0,74.5,6,5.8,30.7,38.3,77.2,1,48.5,D,1
Female,None,1,0.9,54.4,31.4,8,6.8,82.3,69.6,76.8,1,28.5,F,0
Female,Graduate,1,6.3,78.3,66.2,5,8.8,42.9,83.1,73.8,1,59.6,C,1
Female,Graduate,1,3.5,71.6,78.9,4,7.4,73.2,51.3,59.8,0,62.9,C,1
Male,Post-Graduate,1,2.7,75.0,62.0,6,7.3,86.5,52.7,12.7,1,60.6,C,1
Male,Post-Graduate,1,6.6,77.8,74.6,0,5.9,64.1,83.4,49.7,0,51.7,D,1
Female,Post-Graduate,1,2.2,80.7,91.2,10,4.3,25.1,66.1,50.0,1,66.5,B,1
Male,Graduate,1,0.5,90.2,73.4,4,6.2,36.6,64.9,44.3,0,40.6,D,1
Male,None,0,0.1,76.2,59.5,1,8.3,81.5,35.6,62.0,1,45.6,D,1
Female,High School,0,5.5,63.2,73.8,3,4.2,51.6,69.2,53.3,0,50.9,D,1
Female,Graduate,1,0.8,81.5,57.6,6,4.9,56.6,40.3,46.8,0,50.1,D,1
Male,None,1,8.4,100.0,55.4,4,6.7,70.2,36.6,43.1,0,58.0,C,1
Male,None,1,0.0,65.3,48.7,5,5.0,68.9,50.8,48.6,1,40.4,D,1
Male,Graduate,0,8.2,48.5,83.1,1,5.3,60.6,46.5,77.9,0,52.7,D,1
Female,High School,1,4.5,90.1,40.3,2,5.9,50.8,53.0,49.4,1,55.2,C,1
Male,None,0,3.8,65.6,82.6,6,4.5,48.7,31.1,51.8,1,57.3,C,1
Male,Graduate,1,2.6,24.5,64.0,10,5.0,72.2,74.3,52.7,1,42.9,D,1
Male,High School,0,5.0,84.9,29.8,1,7.6,66.1,77.3,65.4,1,43.0,D,1
Female,Post-Graduate,1,3.9,57.3,61.6,5,4.5,49.9,21.9,67.3,0,49.2,D,1
Female,None,1,6.8,66.2,17.2,4,4.1,76.6,74.6,11.3,1,44.9,D,1
Female,None,0,4.3,74.6,66.3,9,5.6,52.4,42.4,76.3,0,51.5,D,1
Male,Graduate,1,4.4,71.8,70.9,0,7.6,38.0,72.4,83.0,1,45.1,D,1
Male,Graduate,1,3.1,82.2,44.3,10,6.2,39.8,55.8,43.2,0,44.7,D,1
Female,High School,0,3.9,59.3,57.2,9,5.8,35.4,57.5,44.4,1,46.2,D,1
Male,Post-Graduate,1,4.8,78.3,90.2,10,6.6,49.6,53.7,52.8,0,75.4,B,1
Male,Post-Graduate,1,0.0,62.8,45.9,3,3.9,79.7,78.8,47.9,1,33.9,F,0
Male,Graduate,1,0.6,82.8,35.9,10,7.2,38.9,34.7,63.6,0,42.7,D,1
Female,Graduate,0,5.9,80.3,81.7,1,7.1,58.8,67.9,28.9,1,62.2,C,1
Male,High School,1,4.4,49.3,90.3,3,5.9,41.9,76.8,42.1,0,43.7,D,1
Male,Graduate,1,3.5,89.7,55.1,0,8.0,49.8,69.9,84.6,1,51.7,D,1
Female,High School,1,4.0,57.3,73.2,1,4.8,24.8,98.8,45.1,1,43.6,D,1
Male,High School,1,4.9,84.2,79.1,7,8.2,50.6,47.5,79.9,1,72.2,B,1
Female,Post-Graduate,1,2.7,75.3,41.6,5,6.7,51.1,74.2,65.7,1,37.0,F,0
Male,High School,0,2.1,100.0,46.3,1,6.0,65.8,55.1,31.1,1,38.8,F,0
Female,Post-Graduate,0,4.5,63.5,77.2,5,6.5,59.5,79.2,70.2,1,44.4,D,1
Female,Post-Graduate,1,1.6,61.0,85.3,9,6.3,31.0,56.9,58.1,1,51.5,D,1
Male,Post-Graduate,1,5.0,67.6,65.1,8,8.3,76.7,50.0,52.7,1,68.5,B,1
Male,Graduate,0,0.0,61.9,39.2,6,4.9,59.2,80.5,63.9,1,30.2,F,0
Female,Post-Graduate,0,6.6,84.0,90.8,8,5.4,59.0,48.2,67.6,0,67.1,B,1
Male,High School,1,5.2,35.7,45.4,4,8.1,54.8,31.6,71.3,1,45.8,D,1
Female,Graduate,1,4.6,46.9,49.0,6,5.6,44.6,47.7,78.9,1,51.6,D,1
Male,High School,0,6.5,46.6,61.2,10,7.9,59.4,68.1,66.5,0,56.1,C,1
Male,Graduate,0,8.2,87.0,83.0,6,9.0,64.5,82.1,38.0,1,79.4,B,1
Male,High School,1,6.5,100.0,70.4,2,5.9,20.1,59.0,52.4,0,56.4,C,1
Male,None,1,0.0,65.9,62.5,6,7.5,44.2,80.7,100.0,0,51.7,D,1
Female,None,1,0.8,64.6,63.3,0,4.8,49.9,32.6,71.6,1,47.2,D,1
Female,None,1,2.4,69.4,55.8,8,7.6,60.1,49.0,97.9,1,56.2,C,1
Male,High School,1,4.1,91.2,65.0,9,6.8,78.9,51.8,82.3,1,54.5,D,1
Male,Graduate,1,5.3,49.5,10.0,5,7.2,39.6,54.9,63.9,1,34.2,F,0
Male,Post-Graduate,1,2.2,72.8,49.7,4,5.5,45.0,58.5,64.8,1,47.4,D,1
Male,Post-Graduate,0,4.5,87.5,59.3,6,4.0,44.7,69.4,59.4,0,52.1,D,1
Male,High School,1,2.1,78.0,34.3,4,7.3,39.0,49.0,32.2,0,47.0,D,1
Female,High School,1,2.5,71.8,62.0,9,3.4,48.1,59.5,60.3,1,56.2,C,1
Female,High School,1,0.5,88.0,51.3,4,6.0,70.4,56.2,79.4,0,39.9,F,0
Male,High School,1,1.7,20.0,86.6,10,7.9,33.9,40.3,50.4,1,42.8,D,1
Female,Post-Graduate,1,0.6,81.6,83.3,9,6.8,63.6,55.0,66.6,1,52.7,D,1
Female,Graduate,1,1.6,54.9,46.6,10,9.4,21.0,54.4,73.6,0,43.0,D,1
Male,Post-Graduate,0,6.6,31.4,52.3,6,8.0,43.8,54.0,45.4,1,41.1,D,1
Female,High School,1,1.6,78.2,53.7,9,5.5,48.4,57.6,52.8,1,58.5,C,1
Female,None,1,10.6,95.5,46.9,6,6.5,88.5,58.4,43.7,1,90.0,A,1
Female,Post-Graduate,1,5.2,65.3,58.5,10,6.4,49.5,49.2,46.8,1,50.7,D,1
Female,None,1,4.5,87.1,41.4,2,4.1,11.0,79.9,39.4,1,35.2,F,0
Male,None,1,1.9,100.0,34.6,2,5.1,15.0,35.9,45.6,0,38.7,F,0
Female,High School,1,5.8,94.3,66.2,9,5.7,55.7,44.0,82.7,1,61.9,C,1
Female,Post-Graduate,0,2.6,100.0,66.3,2,3.4,67.3,100.0,45.4,1,52.5,D,1
Female,Graduate,0,4.3,82.8,40.5,5,6.6,62.5,38.3,62.0,1,54.5,D,1
Male,Post-Graduate,1,10.4,69.5,71.1,5,6.1,58.4,32.6,52.0,1,79.8,B,1
Female,Graduate,1,3.8,36.0,43.6,2,4.0,78.2,70.2,78.9,1,34.9,F,0
Female,Graduate,1,6.9,63.1,59.6,2,7.1,44.2,19.6,81.0,0,50.1,D,1
Female,High School,1,2.2,51.1,69.8,7,7.6,72.9,52.8,73.8,1,36.1,F,0
Male,Graduate,0,3.9,100.0,54.4,7,6.8,22.4,95.6,64.9,1,61.2,C,1
Male,Post-Graduate,1,8.4,64.5,63.2,6,6.0,36.9,29.2,56.3,0,61.2,C,1
Male,Post-Graduate,0,2.4,70.5,45.7,9,7.4,18.9,21.3,40.9,0,47.4,D,1
Male,None,1,8.5,79.0,51.5,3,7.5,49.5,30.0,91.1,1,58.7,C,1
Male,Graduate,1,5.8,68.9,51.3,3,7.0,54.1,73.2,47.8,1,49.5,D,1
Female,High School,1,2.6,100.0,41.6,2,5.3,57.3,77.2,70.6,1,40.6,D,1
Male,High School,0,5.6,55.5,51.8,4,6.9,56.2,47.8,77.0,1,32.8,F,0
Female,Post-Graduate,0,6.4,71.9,27.1,2,8.3,36.4,69.3,51.1,1,38.9,F,0
Male,Graduate,1,5.6,53.2,46.2,7,5.6,51.2,82.0,76.6,1,41.9,D,1
Male,High School,1,0.1,41.6,49.9,6,9.6,25.1,89.2,72.2,1,36.4,F,0
Male,Graduate,1,2.2,55.8,50.4,2,5.7,82.3,52.6,87.6,0,33.2,F,0
Female,Graduate,0,3.4,67.3,50.7,8,6.5,48.9,15.6,52.5,1,43.9,D,1
Female,None,1,3.8,59.4,53.9,4,5.5,45.2,42.2,39.4,1,37.1,F,0
Female,High School,1,5.6,54.2,63.6,8,6.8,86.8,49.3,51.9,1,37.3,F,0
Male,None,1,4.4,39.9,70.7,6,3.9,30.2,52.3,63.3,1,54.6,D,1
Male,High School,1,0.7,66.3,43.3,6,5.7,32.5,53.6,60.9,1,31.9,F,0
Male,Graduate,0,5.0,37.9,33.3,5,4.9,33.1,77.1,53.7,0,30.9,F,0
Male,High School,1,5.5,83.2,36.2,1,6.7,53.6,79.9,29.5,0,38.6,F,0
Male,Post-Graduate,1,5.4,69.6,46.2,8,8.0,63.6,53.9,67.5,0,62.7,C,1
Male,Graduate,1,6.7,38.8,48.7,5,7.5,69.8,76.8,91.6,0,49.7,D,1
Female,High School,1,6.1,61.8,41.1,7,3.0,100.0,63.4,67.4,1,48.7,D,1
Female,None,1,5.1,53.0,31.7,0,9.6,10.0,58.2,69.7,0,33.1,F,0
Male,None,0,3.8,74.4,46.8,4,6.9,67.2,73.3,69.2,0,56.8,C,1
Female,Graduate,1,0.0,94.8,58.3,0,5.3,43.9,58.3,66.4,1,40.4,D,1
Female,None,1,5.1,30.5,65.7,9,6.7,43.3,94.0,74.9,1,50.3,D,1
Female,Graduate,1,4.5,70.3,45.0,10,6.8,42.6,31.1,66.3,0,48.7,D,1
Male,Graduate,0,4.7,64.8,47.6,7,5.5,36.8,47.7,55.0,1,36.4,F,0
Male,Graduate,1,0.8,81.4,38.3,7,6.8,88.7,54.7,47.3,1,44.7,D,1
Male,High School,0,1.3,72.3,54.4,0,5.6,71.8,64.9,56.0,0,35.7,F,0
Male,Graduate,0,6.6,53.0,39.7,8,5.9,55.5,79.8,65.0,0,57.1,C,1
Female,None,1,3.9,61.6,65.3,1,5.5,82.0,56.6,54.9,1,31.3,F,0
Male,Post-Graduate,1,5.7,52.1,22.9,8,4.4,24.7,31.4,65.0,1,36.6,F,0
Male,High School,1,4.1,89.5,48.5,0,6.7,28.4,72.2,67.0,1,45.2,D,1
Male,None,1,4.1,68.4,60.4,9,7.4,11.4,70.6,73.3,0,55.9,C,1
Female,Graduate,1,6.3,100.0,58.3,8,7.3,41.0,22.0,80.5,1,70.0,B,1
Female,Graduate,1,2.7,66.8,100.0,3,7.7,58.2,56.9,61.2,1,54.4,D,1
Female,Post-Graduate,1,4.2,53.8,61.3,8,7.0,57.1,28.4,39.1,0,51.7,D,1
Female,None,0,2.8,37.7,36.9,6,5.7,58.0,45.0,54.5,1,26.2,F,0
Female,High School,1,2.9,31.9,53.3,10,7.8,26.8,40.7,60.7,1,47.7,D,1
Male,None,1,3.2,36.3,23.0,5,4.5,71.1,71.6,30.6,0,31.0,F,0
Female,Graduate,1,4.6,73.3,53.5,4,5.1,59.8,59.1,82.2,1,50.1,D,1
Female,High School,1,2.8,78.2,40.0,10,5.1,69.7,33.9,62.3,1,62.5,C,1
Male,Graduate,0,7.1,36.4,71.5,8,8.1,17.1,72.8,66.1,0,63.2,C,1
Male,Graduate,1,1.8,85.9,45.1,1,7.9,61.2,31.2,81.8,1,48.8,D,1
Male,None,0,3.5,58.3,52.9,10,7.2,31.2,62.9,49.9,0,29.5,F,0
Female,Post-Graduate,1,2.9,70.9,43.6,1,8.1,47.1,42.3,69.2,1,50.3,D,1
Male,Graduate,0,7.6,100.0,86.3,10,5.2,65.7,50.4,58.2,0,84.6,A,1
Female,None,1,4.5,85.9,49.2,8,7.0,56.8,66.1,57.1,0,71.6,B,1
Male,High School,1,6.6,62.6,88.0,2,6.3,38.0,66.4,47.6,1,65.9,B,1
Female,Post-Graduate,1,0.3,50.2,69.7,7,7.8,55.1,81.1,86.6,1,53.5,D,1
Female,Graduate,1,4.7,25.0,63.7,10,6.3,24.4,55.5,54.0,1,51.7,D,1
Female,Graduate,1,6.2,53.6,61.6,8,5.9,78.0,62.5,71.2,0,65.6,B,1
Female,High School,1,4.2,63.8,62.1,7,7.3,50.9,49.1,30.0,0,63.7,C,1
Male,None,1,6.7,48.3,20.3,3,7.8,77.4,60.3,78.9,1,44.5,D,1
Male,Graduate,1,2.7,65.4,50.0,0,5.5,44.5,64.9,76.8,1,28.2,F,0
Female,High School,1,7.5,69.5,70.2,3,6.4,44.5,55.2,61.6,0,57.2,C,1
Male,Graduate,0,9.7,63.5,54.1,8,4.9,39.7,24.5,56.4,1,65.6,B,1
Female,None,1,3.1,55.0,29.7,1,3.0,72.5,63.0,66.4,1,32.0,F,0
Male,Post-Graduate,0,2.9,71.4,54.1,2,6.8,40.8,63.6,96.6,1,35.3,F,0
Male,None,1,7.6,76.8,85.7,9,7.4,67.9,44.8,31.8,1,65.0,B,1
Female,None,1,7.9,46.2,77.4,7,6.9,47.4,33.9,72.5,0,55.7,C,1
Female,None,1,2.7,96.2,53.9,5,3.6,15.5,83.6,45.4,1,57.4,C,1
Male,High School,1,2.9,66.0,72.1,7,6.0,43.6,65.8,59.7,0,61.5,C,1
Female,Graduate,1,3.3,68.4,48.4,6,3.2,31.4,52.9,56.0,1,50.9,D,1
Male,Post-Graduate,0,0.6,82.2,24.3,4,8.6,55.7,36.5,53.1,1,41.6,D,1
Male,High School,1,1.7,72.7,38.4,8,4.9,31.2,42.2,59.8,1,42.9,D,1
Male,None,0,1.5,87.1,83.1,3,8.4,73.5,80.4,41.9,1,42.2,D,1
Female,Post-Graduate,1,2.1,73.7,50.1,5,7.9,53.2,59.5,76.5,1,44.6,D,1
Female,None,0,3.9,55.8,50.6,1,5.1,51.4,47.1,31.3,1,33.4,F,0
Male,None,1,4.6,75.2,49.6,1,4.8,68.1,66.2,68.6,1,44.5,D,1
Female,None,1,7.9,45.1,89.3,1,7.0,74.3,42.3,54.8,1,56.8,C,1
Female,Post-Graduate,0,1.5,70.2,84.3,9,5.2,54.6,84.0,41.3,1,56.6,C,1
Male,Graduate,1,6.5,67.3,94.9,6,6.7,39.6,81.4,63.2,0,71.8,B,1
Female,None,1,3.5,63.8,52.1,1,5.8,19.5,48.6,35.1,0,35.1,F,0
Female,Graduate,1,3.9,65.4,60.3,1,3.8,41.3,45.7,60.6,0,29.0,F,0
Male,Post-Graduate,1,5.7,30.4,27.7,8,3.2,42.7,9.9,37.2,1,32.9,F,0
Female,Post-Graduate,0,1.2,57.0,81.6,6,6.8,57.1,30.3,67.4,1,44.5,D,1
Male,None,0,5.0,69.9,34.0,10,5.7,48.1,32.9,45.2,1,58.6,C,1
Female,Graduate,1,4.4,71.2,58.9,2,5.7,68.8,59.4,52.8,1,45.6,D,1
Female,Graduate,1,5.2,47.4,35.2,2,7.5,42.7,51.1,64.7,1,41.9,D,1
Male,None,1,4.7,93.3,44.4,6,8.3,53.9,32.8,47.6,0,59.0,C,1
Male,High School,0,10.1,50.7,39.9,4,6.1,78.7,51.9,59.1,0,53.6,D,1
Female,High School,0,2.4,87.4,44.1,9,6.0,61.8,66.1,35.8,1,57.9,C,1
Male,Post-Graduate,1,2.7,76.5,45.3,5,7.3,53.8,66.5,70.1,0,42.7,D,1
Male,Post-Graduate,0,2.4,55.1,45.1,7,4.5,43.0,22.8,88.2,1,34.9,F,0
Female,High School,1,2.6,100.0,70.0,8,6.8,42.3,54.7,100.0,1,65.3,B,1
Male,High School,0,2.4,44.1,35.1,0,7.3,38.0,32.1,61.5,1,19.8,F,0
Female,High School,0,7.0,86.4,59.0,2,7.5,44.2,73.2,72.6,1,63.0,C,1
Female,None,1,7.6,88.0,76.9,10,3.6,70.1,71.1,31.5,1,72.0,B,1
Male,None,1,2.6,54.6,45.8,6,5.4,50.6,40.8,84.0,0,40.9,D,1
Female,None,1,1.9,95.8,42.1,5,5.2,28.0,43.2,72.4,1,47.8,D,1
Male,None,0,5.2,63.0,50.9,6,6.6,90.4,48.7,52.3,1,52.3,D,1
Female,None,1,2.6,73.8,76.2,7,7.2,61.4,16.4,79.8,0,51.7,D,1
Male,None,1,5.6,73.2,58.5,5,8.7,26.9,63.0,55.9,0,53.8,D,1
Male,Post-Graduate,1,4.5,65.3,45.4,2,5.8,46.2,52.1,52.7,1,43.9,D,1
Female,Graduate,1,0.2,84.2,63.7,1,5.8,57.2,74.5,67.6,0,41.9,D,1
Male,Post-Graduate,1,7.9,83.9,35.2,6,8.2,89.1,37.2,43.0,0,61.9,C,1
Male,Graduate,1,8.5,33.0,67.3,10,6.9,32.8,45.9,76.3,1,71.7,B,1
Male,Post-Graduate,1,2.5,94.1,62.4,0,8.4,74.5,29.9,43.1,1,43.2,D,1
Female,Post-Graduate,1,3.0,34.8,49.5,2,6.9,83.0,38.9,43.2,0,30.1,F,0
Female,None,0,4.7,88.7,39.9,10,4.8,42.4,35.7,45.4,0,45.6,D,1
Male,None,1,4.8,90.5,39.0,3,4.5,49.4,74.9,72.2,1,55.1,C,1
Male,Graduate,1,5.6,46.2,64.6,0,4.2,34.3,44.4,50.1,0,31.8,F,0
Female,Graduate,1,9.0,59.8,77.1,4,7.5,50.9,59.2,38.4,1,63.2,C,1
Female,None,1,3.6,45.9,43.5,9,8.3,54.3,50.1,50.3,1,43.4,D,1
Female,Post-Graduate,1,2.0,63.7,63.3,2,9.3,68.2,34.1,59.5,0,42.9,D,1
Male,Graduate,1,0.6,61.8,17.4,1,7.8,76.8,54.0,41.1,0,20.7,F,0
Female,High School,0,2.2,83.6,44.5,2,8.2,40.0,67.8,41.6,0,36.3,F,0
Male,High School,1,3.9,94.2,54.4,7,5.6,15.7,35.3,93.8,0,66.7,B,1
Female,High School,1,8.5,95.9,38.6,5,4.8,54.6,71.6,46.2,0,66.5,B,1
Male,Graduate,1,2.7,56.8,38.1,6,7.8,60.9,41.7,54.8,1,37.7,F,0
Female,None,1,4.6,63.8,43.0,5,7.1,60.0,48.3,54.1,0,44.7,D,1
Male,None,0,4.0,34.3,60.3,5,6.7,48.5,66.6,53.3,1,48.9,D,1
Female,None,1,7.0,51.9,51.6,2,7.1,57.5,45.1,69.9,1,47.4,D,1
Female,Graduate,0,10.3,87.3,14.7,7,7.0,85.3,57.7,75.2,0,60.8,C,1
Male,Graduate,1,2.7,100.0,16.8,6,8.4,62.6,51.3,55.1,0,44.5,D,1
Female,High School,1,2.8,43.3,44.1,6,8.4,47.5,59.3,40.2,0,33.6,F,0
Female,Graduate,1,6.6,56.2,63.2,5,7.3,45.0,14.1,80.4,0,49.7,D,1
Female,High School,1,5.7,67.5,10.0,4,7.8,51.6,24.1,58.5,1,34.4,F,0
Female,High School,1,8.6,73.6,46.0,9,7.3,87.7,68.1,87.7,0,62.8,C,1
Male,None,1,5.5,51.8,45.5,7,5.8,51.3,75.7,24.1,1,43.6,D,1
Male,Graduate,1,3.1,76.5,80.0,4,7.6,54.6,40.6,63.1,1,58.8,C,1
Female,None,1,5.5,58.5,48.1,8,4.4,45.4,52.6,90.7,1,51.0,D,1
Male,None,0,6.8,67.7,61.9,8,8.1,77.0,62.3,54.3,1,61.8,C,1
Male,Graduate,1,6.1,78.9,57.5,0,4.7,94.2,69.5,56.4,1,61.5,C,1
Male,Graduate,1,5.3,68.1,16.6,5,6.9,64.0,20.5,64.7,0,50.8,D,1
Male,Post-Graduate,0,6.7,59.3,68.8,6,5.2,56.7,41.1,51.1,0,52.2,D,1
Male,High School,1,6.9,65.8,58.9,2,7.3,55.7,51.0,55.0,1,50.6,D,1
Female,Post-Graduate,1,7.5,66.2,64.1,6,6.4,7.3,69.7,54.6,0,54.2,D,1
Male,High School,1,5.6,60.6,100.0,10,4.1,69.9,100.0,50.0,1,74.5,B,1
Female,High School,1,3.6,62.8,17.5,10,7.1,57.7,52.9,79.7,1,45.8,D,1
Male,High School,1,4.4,100.0,86.0,6,5.6,63.6,31.7,67.4,1,66.6,B,1
Female,None,1,7.0,79.2,49.8,10,7.8,40.8,64.2,64.0,1,63.4,C,1
Female,None,0,2.0,62.1,60.2,1,6.5,47.3,80.8,72.9,1,32.7,F,0
Female,Graduate,1,4.9,81.9,54.2,6,7.1,46.8,58.9,55.8,1,60.3,C,1
Male,High School,1,3.0,61.3,47.4,0,5.1,75.4,40.7,47.6,1,27.6,F,0
Male,High School,1,4.1,91.5,44.7,4,5.6,47.4,74.2,50.4,1,59.7,C,1
Female,High School,0,7.2,75.4,60.9,8,5.8,96.7,68.9,60.0,1,62.9,C,1
Female,None,0,4.5,65.9,27.7,6,7.8,63.6,38.5,43.1,1,42.6,D,1
Male,Graduate,0,4.1,77.0,68.5,6,9.0,29.5,63.9,52.0,1,47.9,D,1
Male,None,1,0.6,36.6,47.5,10,5.3,52.4,75.0,51.7,1,36.2,F,0
Female,Post-Graduate,1,5.9,45.5,34.7,1,8.1,42.0,78.3,94.0,1,38.8,F,0
Male,Post-Graduate,0,5.6,44.1,46.9,7,3.2,11.1,55.8,15.6,1,40.2,D,1
Male,Post-Graduate,1,9.4,70.9,77.6,2,4.7,87.0,50.6,57.1,0,74.3,B,1
Male,Graduate,1,3.2,100.0,45.4,7,5.1,69.1,79.1,87.6,1,61.4,C,1
Male,Post-Graduate,1,4.5,100.0,61.5,2,4.5,65.7,35.2,61.9,0,51.0,D,1
Male,Graduate,1,4.6,80.8,41.8,9,4.1,58.3,64.9,72.1,1,53.6,D,1
Male,None,0,7.9,78.0,68.6,6,7.1,27.4,32.3,61.6,1,68.5,B,1
Female,None,1,3.8,32.0,67.3,1,6.2,45.3,76.2,49.3,1,43.7,D,1
Female,Graduate,0,4.7,57.1,88.3,3,7.1,71.8,52.4,24.1,0,51.2,D,1
Female,None,1,5.5,52.2,51.8,10,7.5,34.0,79.8,63.3,1,60.9,C,1
Female,None,1,4.5,55.6,67.0,5,6.9,4.4,65.8,47.6,1,52.5,D,1
Female,Graduate,1,2.9,64.6,56.8,10,7.5,50.5,35.0,47.2,0,60.0,C,1
Female,Post-Graduate,1,4.5,58.6,78.3,8,6.4,52.2,82.6,52.0,0,45.3,D,1
Male,Graduate,1,6.7,28.4,42.1,4,4.7,57.7,84.9,87.9,1,46.3,D,1
Male,High School,1,1.4,83.0,68.4,8,8.1,69.6,72.9,98.5,1,65.1,B,1
Female,None,1,4.3,46.5,51.5,4,5.6,67.8,43.3,63.5,0,32.2,F,0
Female,Graduate,0,2.2,72.8,53.8,9,5.1,60.2,51.5,52.6,1,43.5,D,1
Female,None,1,7.0,100.0,56.7,7,6.2,78.9,59.6,41.2,1,66.4,B,1
Male,Post-Graduate,1,0.2,49.6,59.5,0,5.1,24.6,44.3,67.5,1,21.8,F,0
Male,None,1,2.6,20.0,52.9,6,5.9,65.1,87.5,88.5,1,32.0,F,0
Male,Graduate,1,4.9,62.3,58.9,3,7.0,67.5,59.6,56.0,1,51.5,D,1
Male,Post-Graduate,1,7.9,90.0,83.4,4,7.0,30.2,8.3,21.9,1,74.3,B,1
Female,Post-Graduate,1,3.8,100.0,72.7,5,5.2,24.9,63.1,70.7,1,69.3,B,1
Female,Post-Graduate,1,2.6,43.4,70.6,4,5.8,40.1,50.7,75.8,0,33.9,F,0
Female,High School,1,8.7,77.9,46.8,0,8.1,41.8,55.7,34.6,0,50.0,D,1
Female,Graduate,0,0.4,58.7,39.0,8,7.2,70.1,50.4,62.8,1,44.9,D,1
Male,Graduate,1,0.0,65.9,72.2,1,9.6,42.7,71.5,67.2,1,43.6,D,1
Male,Post-Graduate,1,5.1,100.0,70.8,8,8.3,37.9,77.2,58.8,1,72.8,B,1
Female,None,1,2.7,37.9,81.5,9,8.2,42.8,62.1,47.3,1,52.6,D,1
Male,Post-Graduate,1,1.4,73.1,44.1,1,4.4,77.4,50.9,76.3,1,36.8,F,0
Male,High School,1,5.8,77.4,50.9,8,7.6,55.3,56.3,53.5,1,65.0,C,1
Male,Post-Graduate,1,4.6,89.7,25.5,5,6.4,51.4,57.4,36.2,0,47.2,D,1
Male,Graduate,1,2.6,70.0,47.9,10,5.7,52.8,42.6,27.2,1,51.7,D,1
Female,Post-Graduate,0,0.8,74.2,72.9,8,6.8,80.8,67.4,80.2,0,41.1,D,1
Male,None,1,6.2,60.2,46.6,5,7.9,40.0,65.3,69.9,1,48.7,D,1
Female,Graduate,1,5.6,73.4,66.5,5,7.3,81.3,84.7,61.4,0,56.0,C,1
Male,None,0,3.8,61.1,51.6,10,5.2,59.2,79.6,53.0,1,49.1,D,1
Male,Post-Graduate,1,8.6,80.4,60.8,1,7.6,51.8,44.7,51.5,0,55.0,D,1
Female,Graduate,1,1.3,60.6,34.3,7,5.5,100.0,71.8,42.8,0,35.1,F,0
Female,High School,1,0.2,75.5,56.5,2,6.8,33.9,39.9,53.1,0,26.2,F,0
Male,Graduate,0,2.3,67.4,10.0,6,6.0,47.9,69.5,26.1,1,36.2,F,0
Male,None,0,3.9,90.5,51.6,4,6.2,30.4,47.7,48.2,1,50.1,D,1
Female,Graduate,1,4.6,67.0,25.7,2,7.6,74.0,38.6,55.0,1,30.8,F,0
Male,High School,0,3.4,32.5,76.7,0,4.9,88.8,62.0,69.8,1,29.3,F,0
Male,High School,1,4.9,93.2,69.0,7,9.4,88.4,8.9,59.4,1,69.9,B,1
Female,High School,0,0.9,49.9,63.4,2,3.8,79.5,25.5,72.7,1,27.0,F,0
Male,High School,1,7.6,54.9,82.4,1,5.6,51.0,53.8,81.6,1,52.6,D,1
Male,None,0,3.8,56.1,37.9,0,7.1,47.7,58.5,76.9,0,31.7,F,0
Male,Graduate,0,6.8,95.5,86.5,3,7.4,21.6,50.4,67.5,0,68.5,B,1
Male,Post-Graduate,1,4.9,25.3,71.8,7,6.3,95.7,28.6,60.2,1,37.7,F,0
Male,High School,0,5.1,100.0,50.7,2,6.4,64.4,42.3,44.3,1,58.4,C,1
Female,Post-Graduate,1,5.4,89.1,75.4,0,7.1,45.2,64.0,71.8,1,54.3,D,1
Male,Post-Graduate,1,5.1,72.5,35.1,3,6.2,81.6,67.5,86.9,1,49.5,D,1
Female,Graduate,1,5.6,66.9,40.2,8,8.6,35.5,56.7,65.5,0,54.1,D,1
Female,Post-Graduate,1,7.3,73.7,44.0,0,7.8,63.1,77.8,90.7,1,51.5,D,1
Male,Post-Graduate,0,4.5,78.4,45.5,10,7.8,51.5,64.2,35.6,1,51.1,D,1
Female,None,0,5.8,80.9,36.0,1,5.1,67.8,43.5,41.5,1,43.5,D,1
Male,Post-Graduate,1,3.8,79.1,77.0,8,6.4,53.7,52.0,73.7,1,72.7,B,1
Female,Graduate,1,7.6,69.8,50.3,1,6.0,26.0,31.7,64.2,1,43.4,D,1
Female,Post-Graduate,1,2.3,64.1,61.3,2,5.0,56.5,55.1,81.0,1,52.2,D,1
Female,Graduate,1,8.5,65.0,44.7,6,7.0,76.0,77.0,59.8,0,59.4,C,1
Male,High School,1,3.9,64.1,22.2,2,5.7,54.4,69.3,46.1,0,35.2,F,0
Female,Post-Graduate,0,0.4,90.7,59.9,8,7.5,70.5,82.2,56.6,1,46.0,D,1
Female,Post-Graduate,1,4.3,79.9,20.6,5,4.9,34.1,51.5,35.5,1,39.2,F,0
Female,Post-Graduate,1,2.3,20.0,53.8,2,9.1,54.5,81.2,41.9,0,23.7,F,0
Male,High School,1,6.1,81.1,30.4,8,5.2,42.5,53.5,75.6,1,51.3,D,1
Male,None,1,2.4,71.9,90.8,0,6.8,69.9,83.5,74.0,1,49.6,D,1
Female,Post-Graduate,1,2.9,67.6,71.4,9,7.7,55.6,56.6,65.8,1,55.1,C,1
Female,Graduate,0,0.0,60.2,56.9,2,5.6,68.8,69.7,32.5,0,40.5,D,1
Female,None,1,2.9,90.5,77.7,0,7.8,76.8,83.6,54.3,1,47.8,D,1
Female,None,1,0.0,87.0,39.8,1,4.7,68.8,53.5,40.4,1,35.5,F,0
Male,None,1,0.0,52.5,64.8,7,8.7,60.5,60.9,78.8,1,43.9,D,1
Male,Post-Graduate,0,5.9,76.1,58.6,6,6.5,35.0,80.2,50.7,1,51.1,D,1
Male,High School,0,6.0,48.6,59.8,1,5.6,54.9,54.6,42.6,0,44.3,D,1
Female,High School,1,5.1,40.4,77.9,1,6.1,44.3,33.2,60.5,1,40.4,D,1
Male,Post-Graduate,1,1.6,55.5,68.2,8,7.7,48.1,95.6,49.8,0,31.8,F,0
Female,Graduate,1,3.9,85.2,60.2,5,5.6,47.5,48.5,83.7,0,58.9,C,1
Female,Graduate,1,4.0,87.1,25.2,4,5.4,35.4,59.9,48.2,1,39.3,F,0
Female,Graduate,1,1.1,78.3,37.7,9,6.2,15.9,77.8,37.6,1,39.0,F,0
Male,Post-Graduate,1,7.8,82.5,52.8,5,4.7,41.6,46.0,25.6,1,65.4,B,1
Female,High School,1,6.2,78.3,56.7,8,9.2,58.9,38.9,59.5,0,61.5,C,1
Male,Post-Graduate,1,3.4,55.2,34.7,10,5.7,28.0,61.6,51.0,1,51.1,D,1
Female,High School,0,4.1,76.6,98.4,6,7.7,55.3,24.7,37.1,1,68.5,B,1
Male,None,0,4.5,84.0,82.3,9,6.8,93.0,51.8,79.0,1,64.5,C,1
Female,Post-Graduate,1,0.0,83.1,65.8,9,5.0,75.5,61.4,70.7,1,57.7,C,1
Male,High School,1,3.4,91.8,56.3,8,6.5,87.9,52.1,59.5,1,56.9,C,1
Female,None,0,2.3,82.2,51.2,3,7.7,62.8,29.2,81.8,1,58.8,C,1
Male,None,0,1.5,75.0,37.9,1,6.2,78.4,85.7,70.6,0,30.4,F,0
Female,Post-Graduate,1,3.3,89.4,56.4,7,8.3,40.5,58.9,46.8,0,63.1,C,1
Female,High School,0,8.5,67.5,59.6,3,8.0,42.1,82.8,43.4,0,62.8,C,1
Female,None,1,5.6,50.4,32.6,8,7.9,0.2,52.3,73.1,1,49.3,D,1
Male,Post-Graduate,1,2.6,64.7,61.0,3,5.8,78.7,41.2,66.3,1,40.1,D,1
Female,None,0,5.4,53.1,52.2,7,4.9,85.8,61.8,62.7,1,49.0,D,1
